legacy_gestore_id,percorso,img
4,lisozima,up.aspx.jpg
15,Diaspora,Diaspora-Logo.jpg
22,FestaMesta,im00058881.jpeg
26,RossoBand,logo.jpg
30,ROSPIEROGENI,logo.jpg
32,gianlucadibonito,26219527_2017077241898443_441345644555632002_n.jpg
36,liberisucauzione,{83EACBF6-6C36-49D0-B390-5811742AE94C}_Logo.jpg
38,Sovversa,logo.jpg
50,AQUEFRIGIDE,AQUEFRIGIDE.jpg
68,STORMYSHOUT,logob.jpeg
69,marvin,puffo.jpg
82,ROCKGAMEIT,168891_10151460222544667_967967175_n.jpg
90,BorninOrn,MYB.jpg
97,scat,SCAT.gif
105,Paintedofblues,pob1.jpg
108,BiancoPlumbeo,biancoplumbeo.gif
111,TheIcelighters,b_nICE.jpg
116,lowfi,logo.gif
124,JethroTrilli,getrò definitivo x cd.jpg
127,ROSSOCENERE,COPERTINA-LOGOWEB.gif
131,madadayo,{7513DDEA-241A-4098-9524-81D87B6863F3}_logo.jpg
143,MicheleContegnoelaGrandeBevuta,{7A700C3D-3C7F-4B81-98A6-E2040632898F}_ZAT1.jpg
144,exxonValdez,16cm.jpg
168,BatteriAcrobatici,wow.jpg
190,AGLAIA,logo.jpg
192,jahina,{8CF5FAA3-2B53-41E7-A505-AD476309E402}_Jahina.jpg
195,DullNoise,dullnoiselogo.jpg
200,RanaUei,Logo manifesto Ranauei mini.jpg
201,MilkShake,bannermilka.gif
203,Glebula,my-band_logo.jpg
206,Insiria,{EF8DE4E5-A3F7-41F4-8286-01916D8C900F}_newLoka5.bmp
247,Pornopilots,pplogo.gif
248,ResetVt,Logo Reset per sito copia.jpg
250,PhysiqueduRole,500.gif
254,InnoIt,{5DE7E601-9ABF-42C5-B956-E04132BF19F2}_logo bianco.jpg
256,Frastuono,loghinomyband.jpg
257,DROPOUT,drop_out.gif
259,ENTROPY,PICT0008.JPG
261,AYEDAVANITA,loghetto.psd
264,EyesofMedusa,LOG.jpg
267,SweetFlavour,SweetFlavour_nature.jpg
270,Laconico,laconico e marvin.JPG
279,RELAYPSE,LogoPietra.jpg
281,Ammuina,Logopiccolo.jpg
283,ConcettoEtico,CE topsito.jpg
289,sputnik,sputnik676.jpg
297,BLINDTOWN,logo bt.jpg
299,zuaneken,znk 140x90.JPG
314,MireaScar,mslogo(black)XS.jpg
315,domenicabluff,logo.jpg
318,DanieleGiovannoni,Logo.jpg
320,BlueCatBlues,logo_140x90.jpg
331,Extraforg,extraforg_sanscemo2004.jpg
340,Route666,Logo.jpg
343,Iride,logo22.bmp
346,Moodhula,{5DBACF04-CF82-4DE1-B0A3-81747B6A9616}_ominosito.jpg
348,Bside,MyBandPic.gif
368,jimihendrixcoverband,{7FC28101-1ADA-4DD6-A48B-B5F1ABE0B954}_1burn.jpg
387,HYDRA,copertina-hydra-web-HYDRA.jpg
390,ControventO,Cv_-_lampadina.JPG
391,DEMETER,banner2.jpg
394,ONCEUPONATIMEatributetoPearlJam,Once.bmp
397,RAdIoCaOs,new logo 2 RC.bmp
398,ZeroLabStation,ZLS_Band.bmp
399,TINOPASCUCCIBAND,fans club logo.bmp
400,TARA,logo 140 x 90.jpg
405,Stargazer,logofansclub.JPG
411,BeddaMatrixBand,beddamatrix.jpg
455,bromio,{62A350D6-F6E3-42B4-A857-EC0657ED6836}_bromio.jpg
457,drt,{63041737-61FA-42DE-A137-86F68706F794}_sputnik676.jpg
459,666,Silent Scream.bmp
470,IstericA,logo IstericA.jpg
473,24hours,{1B4AA411-51BD-4E41-946B-FE7471893AC9}_24h_logo.gif
474,adlibitum,Senza titolo 1.gif
483,gotham,GOTHAM LOGO3.JPG
491,judie,JUDIE.jpg
503,husk,nq.jpg
504,innexto,logo2.jpg
513,iridyum,logo iridyum.JPG
521,MOTOPERPETUO,logo.jpg
522,kb,Backup_of_logo.tif
523,endless-time,bannerino.jpg
524,BPM,Foollyk6.jpg
525,neurotic,newlgomaster2.jpg
527,formatoam,jesusspliff.jpg
528,autoridadloca,LogoA4.BMP
532,DEE-DEE-PIERRE,logo.jpg
534,jackanotherdrink,jeremy.jpg
536,dixonhill,logo_little.jpg
541,quasarband,otranto.JPG
544,stainofus,stainofus 017.jpg
1145,Stilema,Stilema 003.jpg
1150,avenueband,logo Avenue 140x90.jpg
1151,D4V1S0N,2.jpg
1155,theflyingcats,flying_cats_logo.jpg
1156,parzialmentesklerati,Logo.jpg
1158,sleepteasy,ST_myband2.JPG
1166,suonospray,Logo.jpg
1172,mrgauss,Logo cell.jpg
1180,gionimadatawy,logo.jpg
1184,moist,moistlog.jpg
1192,moodysound,fotom_s.JPG
1193,marcogiolli,logo sito.gif
1197,andreatorello,logo.jpg
1199,progeny,locandina.jpeg
1209,sartory,S.jpg
1214,coolmania,logo.JPG
1215,trambuska,trambuska.gif
1216,tenia,foto_tenia_live_15.jpg
1217,runaway,BJ_logo.gif
1228,shortcircuit,ShortS.JPG
1241,NoName,nonamesound.jpg
1242,alterego,LogoFirework140x90.png
1249,risinside,logo_2009_white.jpg
1259,speciallymild,logo.png
1263,zeder,Immagine 030.jpg
1264,onewayroad,a.jpg
1269,touch,m_69e03255b77f0834e0c2d44b80fdba43.jpg
1270,faq,foto.jpg
1271,impact,impact3.jpg
1272,propaganda,whythink.jpg
1273,FreeLife,Free Life logo.jpg
1275,moonflowers,moon.jpg
1280,beatlejuice,Per Myband.jpg
1281,pororoca,td01.jpg
1289,rainbowfuturemouth,logo.bmp
1292,thestream,Dan-2-no-s.jpg
1293,ghibli,Ghiblilogo.jpg
1302,veda,LOGO VEDA MYSPACE.jpg
1304,sliding-colours,sc_lgo.jpg
1307,BlackShake,logo.jpg
1308,forbiddengrace,Forbidden Grace Logo.JPG
1311,pspies,The Psychic Spies.jpg
1319,suite,logo.jpg
1321,sleys,Logo Cuore.jpg
1322,quintomondo,logoniu5.jpg
1323,quiver,concerto quiver 2005 031.jpg
1329,orgasmosonico,(b)onografia_sull'ida_schiuma_.jpg
1331,percorsoweb,fespic02.jpg
1342,ordem,2155162.bmp
1350,esdem,cover frontmy band.jpg
1352,scalyanteater,titolo.gif
1355,dioniso,LOGO.jpg
1365,Deva,DevaLogo.gif
1371,La-Rambla,La Rambla 6.jpg
1373,ultiva,logo.jpg
1376,storia,band_uziel_logo.jpg
1378,acousticdreams,logo.jpg
1379,lolablau,star.gif
1380,Nomorefoolideas,copertina cd1.jpg
1388,echoes,echoes3.jpg
1392,sballiravvicinati,2SballiRavvicinati.gif
1394,worthless,logo.jpg
1395,rip,riplogo.bmp
1400,torrisonore,pensieri_nel_deserto.jpg
1409,nibelheim,nibelheim2.jpg
1411,Lampigrevi,schiacciamola2.JPG
1418,dna71,logo.jpg
1428,anietzka,aaaO.JPG
1433,ametistaband,Ametista articolo.jpg
1439,mystiqueband,mystiqueband.jpg
1442,METASTRADA,METASTRADA-foto.jpg
1445,megamouth,copertinaFINALE copy.jpg
1457,MarcoDecrestina,logo.jpg
1458,bborkestra,HP_r6_c7.jpg
1459,silentvoid,banner...GIF
1460,poetica,logomyband.GIF
1461,sharpdressedman,Immagine.JPG
1466,myblackpage,Logo1.JPG
1469,crowdead2,VF.JPG
1472,Daydream,zaersa.JPG
1473,kernelzero,k-0.gif
1478,ushas,acidamodificata.jpg
1490,BacioDiGiuda,BDG2.gif
1520,blizzardoflizard,lucertola_blu.gif
1525,shadesoflight,Logo Shades Of Light.jpg
1527,casciola,analuna10.jpg
1530,blueswing,j.jpg
1531,kylamoyl,Andrej5.jpg
1536,brightnessformetalsake,brightness.JPG
1539,POLFEAR,logo mini.jpg
1540,crawler,logo.jpg
1543,TINKERBELL,logo_NB.JPG
1545,esperia,foto_esperia.jpg
1548,underdogs-band,gruppi-stoner-5-400x300.jpg
1554,Taigasunrise,taiga1.jpg
1556,overload-sound,group.jpg
1558,blackburn,logo.jpg
1561,lop-sided,lolo.JPG
1562,madame-lingerie,logo_rosso.gif
1563,annitaegliogm,Logo-Anny.jpg
1570,koiné,Koiné Adesivo New.bmp
1573,Thepounds,logo.jpg
1574,vegasonline,Vega-sloc.jpg
1579,SenSelesS,logo senseless.jpg
1581,livingforsunday,LFS2.jpg
1588,Hezel,Hezel logo 3.jpg
1589,anomalya,Untitled-2.jpg
1593,athea,banner athea.jpg
1594,theneighbours,dazed.jpg
1595,yaleo,logo.jpg
1597,zimbawa,Copia 2 di Zimbawa 3 (13).jpg
1600,thesnookys,nome.jpg
1604,funkazzisti,funkakakka_small.gif
1605,cloweb,cloweb026.jpg
1611,Rossomagnetico,a.jpg
1613,maimale,maimale.logo.jpg
1615,joebustedband,Joe Busted Band.jpg
1617,dionisio,LOGO.jpg
1621,blackrose,black rose logo.jpg
1624,borderline,borderMAskblog copy.jpg
1625,experia,logoeXperia2.jpg
1634,dealibera,aliLogo.jpg
1641,atgod,skyhell.bmp
1647,midnightmadness,logo.jpg
1648,fourfahr,Copertina2.jpg
1656,under-shock,UNDER.bmp
1662,inkalive,sole nero cdr.png
1666,BLACKROSES,LOGO.jpg
1673,postmodern,post_modern !red.jpg
1675,fioridibach,permyspace.jpg
1676,phonema,logonegativo.jpg
1678,neraluce,nl 2.jpg
1679,sicksenders,logo.jpg
1680,malachite,malachitelogo.jpg
1681,Arles,MarcoLOGO2.jpg
1682,tiresia,avatar.png
1684,rau,imagebox.gif
1687,MoreChoice,homeh1.gif
1692,dropofmadness,Logo.jpg
1695,salvobenson,Mario fans club 003.jpg
1702,ipernova,308390-329-1122768424-73_1_b.jpeg
1710,samizdat,Cartolina new per siti.jpg
1712,mamadagan,quadricromia(1).jpg
1718,mamalook,Logo.bmp
1737,dionisofe,DIONISO-hard rock (FE) copia.jpg
1744,fightthesystem,my-3.jpg
1755,vinny,image_info.jpg
1762,chardham,logo_ch.gif
1768,frab,frab_logo_3D_2.jpg
1772,fireflybluesband,29-12-2007%20fireflybluesband%20gruppo%20finale.jpg
1781,nosense,the no sense.JPG
1783,aboxj,Abox J logo.JPG
1794,pg,THE PAK-PALMER2.jpg
1795,dodostop,dodo stop 1 copia web.jpg
1797,spleen,spleencentro.jpg
1807,anotherchannel,Another.bmp
1808,123,blackla'.JPG
1817,diadema,Immagine.bmp
1819,maestridellozio,MdO_scr_.jpg
1831,stoneover,Omini superstone.JPG
1840,soulstice,soulstice-logo-my-band.jpg
1841,SnP,fronte cover speed.jpg
1842,darkene,logomyband.jpg
1844,stompcrash,stomp.jpg
1848,proximaluna,Logoproxima.jpg
1849,calibro69,logo calibro 69 piccolo.jpg
1860,dozeneyes,IM000396.JPG
1861,Drunk,sil-western-pleasure.jpg
1871,vithra,simbolo_myband.jpg
1879,bandoniafly,bandonia2_01.jpg
1881,propertyofnowhere,logo.jpg
1888,progettozeno,PZlogo.jpg
1894,chakrah,chakrah cover CD.jpg
1895,thenoodles,xxx.jpg
1905,Voradica,voradica adesivo rettangolare.jpg2.jpg
1908,Luigidb,luigi (3).JPG
1909,deadpoets,dp2.gif
1916,labandalarga,logonominidisk2.jpg
1927,colpadalfredoband,Foto colpa rid ok.jpg
1929,spaccailsilenzio,toplogo.jpg
1932,easysex,Easy Logo.jpg
1933,virginnoise,logo.jpg
1935,rottenshore,logo.jpg
1938,nunu,sitonunuimm2.jpg
1942,jessenia,KIF_1104.jpg
1943,Syler,Copia di overspeed1.JPG
1944,traumen,TRÄUMEN (logo)_sfondo nero(wallpaper2).jpg
1953,Zero-24RockBand,Logo ANGOLO DEL DISCO.jpg
1961,heike,ahah.jpg
1985,ethe-real,logo.gif
1987,ENRICOFILIPPETTI,egitto 91cor.jpg
1988,GPLHC,GPL - Logo.jpg
1991,animapopolare,anima popolare.doc
1992,FLASH,235 modificata senza data.JPG
1995,Murnau,61R5oeNfRQL._SL500_AA280_.jpg
2009,FullImmersion,Deep Full Immersion.jpg
2012,neronirica,nerologonew.jpg
2013,maiself,l_7208674a968e74e54dbc647c8ee778ed.jpg
2014,safecrash,SAFE ok ok.jpg
2020,skuma,logoooo.jpg
2021,breakage,breakdisco2.jpg
2023,morninglory,esordio morning glory 070.jpg
2033,eyestonebrain,perdita-front piccola.jpg
2035,skay,4+.jpg
2045,psychicinstitute,Foto(20).jpg
2054,RedMoon,Red-moon.jpg
2067,poohlover,wallpaper1024.jpg
2074,orb,orb SPECCHIO.jpg
2110,4ever80,logo 4ever.jpg
2111,acrylate,logo ACRYLATE.jpg
2125,autumnsrain,logo x rockit.jpg
2130,doublesense,Senza titolo-1.jpg
2131,56295162131,logo.jpg
2140,babbabia,sfera blu 2.JPG
2149,jtrsickert,logo.jpg
2153,noscrape,logon.jpg
4372,parker,logo.jpg
2178,ARTICA,logo.bmp
2179,lagiungla,immagine piccola.jpg
2187,ellle,Image061.jpg
2202,Ska,sottocosto.jpg
2204,punk,m_235a1b5ee8cb4b674fa352644469c7a2.gif
2210,rock,logo_zorama.jpg
2227,4shots,Immagine 014.jpg
2229,thejar,logo jar.jpg
2233,percorso,logoG.bmp
2236,duro,mano per logo.FINITA.jpg
2238,MANIPURA,simbolo_per_radio.jpg
2246,SOUTHERNKROSS,malcolmx.jpg
2247,69dealers,logo.jpg
2248,ytytytyt,Stemma1bwj.bmp
2249,misszebra,logo1.png
2250,KATARROCK,logo.jpg
2257,portofranco,gall0001.jpg
2262,eyescream,1385873089_s.jpg
2263,keithonirika,logoV.jpg
2268,live,etiopilogo.jpg
2270,MayDay,DSC02789.JPG
2271,Netto,logo.jpg
2272,thebeaters,The_Beaters_The BIG LOGO.jpg
2285,gruppozed,PDVD_007 bis der con bordo.JPG
2286,pausacaffemusic,logo2.jpg
2293,altatensione,pericolo_tensione_elettrica_pericolosa.bmp
2294,mexcal,LOGOBLU.JPG
2298,chicretro,ChicRetro dolls xxx.JPG
2301,biogenetyka,Aquila Biogenetykaconscritta.JPG
2302,JALEBI,SQUAREmira94sunLOGO  square.jpg
2305,GLEMM,glemm logo.jpg
2306,tiex,Sabbia.jpg
2310,RubieraRock,RubieraRock.jpg
2313,drouned,Immagine 067.jpg
2315,HEARTsinPAIN,logos.jpg
2319,praeludium,logoPraeludium.bmp
2324,theniceprice,logobiancosunero1.jpg
2325,repetra,repetra-logo.gif
2326,tittitwister,foto minuscola.jpg
2329,lanomalia,lanomalia+serpente.gif
2330,TheStage,logohigh (1)_Page_1_Image_0001.jpg
2331,kamon,logo445piccolo30kb.jpg
2335,DeadlyCarnage,logo modif.JPG
2337,Pornology,1.jpg
2342,Ibambinidellospedalepsichiatrico,Scoppiati.JPG
2343,mantica,jack_mantica2small.jpg
2347,sindromedipeterpan,pranoggio.jpg
2349,SevenTips,7ips-1.jpg
2352,STUBS,STUBS logo.jpg
2367,humanoalieno,bombola1.jpg
2382,gianluca,GetThumbnailImage.jpg
2388,alagoas,11_02_2.JPEG
2404,acidentity,logo3.jpg
2407,thefuzzes,logo.GIF
2408,thegriphon,GRIPHON.bmp
2410,foja,scrtta.jpg
2411,nuclearshadow,wallpaper_1.jpg
2415,overtures,Logo 190x160.jpg
4340,38283242039149294340,logo.jpg
2425,thesborz,question-mark-blue.gif
2428,gliemblema,Gli Emblema.jpg
2429,fine99,Senza titodlo-1.jpg
2430,antimateria,astratto.jpg
2431,Random,random 1.JPG
2434,THEMAJESTY,IMG_0337.jpg
2449,figlidijohn,682848226_m.jpg
2450,thanatos,Logo.gif
2451,psychopathicromantics,Psychopathic  Romantics - Altered Education1.jpg
2453,provinciasonora,242348039_294f559e8d_o.jpg
2455,198499622455,21245624_342515689535390_1677941448_n.jpg
2457,humanoira,llogo.GIF
2482,BrokenMelody,Broken Melody SMALL LOGO.tif
2486,Logica,Live sotto le stelle.jpg
2487,abulico,1237149873_BIG_foto+logo.jpg
2488,hotlips,hotlipslogo2.jpg
2496,monkeyinblues,avat.jpg
2500,tntporkpunk,ee.jpg
2501,apolidia,logoApolidia.jpg
2506,DIASTEMA,LOGO DIASTEMA.jpg
2511,thecorianderstem,The Coriander Stem - best colori (4).jpg
2516,drunkmonkey,dm_logo.bmp
2517,senzatesta,LOGO ST.jpg
2518,NaaDiR,logo NaaDiR.gif
2519,amoga,muro.jpg
2521,astrdalong,m_eb4b857e962d164ad737b9bfb4cffe38.jpg
2522,cattura,c.a.t.t.u.r.a..JPG
2525,thelost,croix2.jpg
2526,vincenzosorgente,ENZO.JPG
2530,enzosorgente,inside blues logo.BMP
2534,timeless,timelesslogo.jpg
2535,RADIAZIONE,t-rad (2).jpg
2538,marilit,logo.gif
2539,BiogenetykaFANCLUB,Biogenetyka%20(Simbolo)4df.JPG
2540,riflessi,100_1495.jpg
2547,Riverside,riverside_c.jpg
2548,Massafurtiva,Sony_Ericsson.gif
2549,theweakestbaboons,cover.jpg
2551,mrxsyn,21-04-07_1228.jpg
2554,bloodymery,ROSE.JPG
2556,Eclipse,eclipsebandorock5.bmp
2559,apotropaica,apotro1.jpg
2560,conglomeratobituminoso,conglomerato.JPG
2563,thelittlewhitebunny,TLWB-coniglionstage-300px.jpg
2564,evolve,LOGO.jpg
2565,Focktotum,DSCN2356.jpg
2569,IRONearthquake,LogoIE-effectfinaleluce1b.jpg
2572,Thejokes,Scansione.jpg
2573,technicolourdream,logo.jpg
2578,SHAMAT,SHAMAT LOGO 1.jpg
2579,outcube,logo.jpg
2580,funkymonkeys,foto band.jpg
2581,roadies,fragola rock 2.jpg
2582,roxpopuli,Immagine.bmp
2584,senzasenso,5270aurora.jpg
2586,driverdeniro,ddn2.JPG
2587,nessunpericolopervoi,LOGO.jpg
2589,CIRCLE,Circle.JPG
2590,BEMS,bems.jpg
2592,theditasproject,copertina album(1).jpg
2593,dot,logo dietro.jpg
2595,soggettismarriti,SOGGETTI SMARRITI.jpg
2598,fuoritempo,logo_FT_versione_1b80.gif
2600,nuovaipotesi,Logo.JPG
2601,elefunk,logo.jpg
2602,rhfs,logo rhfs baseball.jpg
2604,memoria,title.jpg
2605,maybeesite,MAFIA MAYBEE.JPG
2606,oneiros,lavoro.bmp
2609,THEFUCKERS,fuckers-fotoweb.jpg
2610,lostark,logo 3.jpg
2613,mudlarks,2.jpg
2614,devilsband,red.JPG
2621,Antonomasia,anarchy2.jpg
2622,percorsobohemiankarma,logo.jpg
2625,senzaessenza,bennyCupido_tnx_for_add-1.jpg
2630,skattegat,aristopunk.jpg
2633,preyofthewhiterabbit,MySpace logo.JPG
2639,anothercrazyband,Another Crazy Band.jpg
2641,whispers,copertina avanti!.jpg
2642,bloodyguns,01 copy.jpg
2643,Thelazyrabbits,Immagine.bmp
2646,rifflessi,rifflessi - promozionali (6).jpg
2647,spasmodicamente,title.png
2650,dissonanzearmonike,DISSONANZE ARMONIKE.jpg
2651,BandDemo,io.jpg
2655,kinderheim27,cooltext75777113.gif
2656,AVESTA,Immagine1.jpg
2657,blackteardrops,the black teardrops.jpg
2658,tremori,3MORI.GIF
2659,versionelaternativa,logo VA by renata.jpg
2668,dreamweavers,logo.jpg
2671,dogsoutrailing,DSC00256.jpg
2672,JUSTFROMHELL,l_403e43db39dd50c3da83d6339791696f.jpg
2674,CaptainCrash,logo.jpg
2680,werock,me4ever.jpg
2681,sevenverse,logo.jpg
2682,opera80,logo opera 80 mezza dimensione.jpg
2694,thestealth,l_a7cf6576938c3a08ca45b5fc0a45ec12.jpg
2698,whylife,alla Salvador Dalì (Senza firma).jpg
2699,fata,fata Ok ridotta.jpg
2703,zanzgang,immagine band massimo 100kb.jpg
2707,emiliogarofalo,03.jpg
2714,ARIDOPACHIMYBAND,bannerfans_d4ac7eda2.png
2717,melissaciaramella,m_db56f0d96d61e0b494e75abd68116a68.jpg
2721,linosalzano,lino1 copy.jpg
2724,Devastazen,logo.jpg
2732,seahouse,icon.jpg
2733,homepage,logo_myband.png
2734,urod,0003.jpg
2740,frozenheart,1499_Musica.jpg
2747,synthagma,S semplice.jpg
2749,blueseta,Cover.jpg
2752,bemspanspermia,logo.jpg
2753,PHERSEPHONE,phsk copia.jpg
2756,agedteen,jpg avatar.jpg
2757,theshutters,logo.jpg
2759,acropolismusic1981,acropolis logo.JPG
2761,erotream,erotream in cornice.JPG
2763,TheCBGB,cbgb.png
2768,jjgbrosmyband,CIMG0393 2.JPG
2769,LaFabbrica,avatar.png
2773,vlasco,VLASCO6cambio L.jpg
2775,hotstuff,HOTSTUFF.jpg
2777,adelema88,Adelema88.jpg
2782,SlaveTrade,DSC_0001.JPG
2783,catsnjoe,logo3.jpg
2788,crashingfault,logo.jpg
2789,omarb,Omar B. chitarra.jpg
2790,SOFTRAIN,sigla.bmp
2792,RushHour,i307473315_94182_5.jpg
2794,BITOOLS,Bi-tools_A6_Fronte.jpg
2797,nicotina,logo.jpg
2807,marasmageneral,MarasmaSkate.jpg
2809,maniacseby,logo.jpg
2828,concertista,Definitiva Nick Fortuna.jpg
2831,thinwireunlaced,season piccolissima.JPG
2832,drhyde,DR_HYDE_-_Bamboo_192.jpg
2833,Koan,kravvvvvvvvvv.jpg
2837,urloprimordiale,logo.jpg
2838,ETL,logo.jpg
2840,WILDROADS,logo wild roads.jpg
2842,othersiderhcp,logo.jpg
2847,FLOWWERPEACENUNZIOCICCONE,alenucla1.jpg
2858,e55,Logo per my-Band.jpg
2861,alteregho,Logo.jpg
2865,fabiocacicia,Fabio3.jpg
2866,whitenoisereveals,logo.JPG
2867,darksealive,logo.jpg
2868,amnesiainlinea,logo.jpg
2869,breakindownband,BAND2.jpg
2870,inertia,inertia200.jpg
2874,cadutalibera,Logo!.jpeg
2882,SENZANORMA,logo3.bmp
2883,inarrestabili,inarrestabili (2).jpg
2884,ourobos,logo.jpg
2887,daryma,copertina.jpg
2888,ablativoassolutoit,copertina.jpg
2892,venia,Incimaalblogcopiagf.gif
2893,Madbluesband,logo mad blues band definitivo.jpg
2902,variousthatgrind,VTG.jpg
2903,DumietzSymphony,hindu.jpg
2905,spaziolibero,logo.jpg
2906,sinapsyinterrotte,n54643921681_7957.jpg
2907,valdivia,logo.jpg
2911,ABSINTH,cdcopertina.jpg
2912,heybelievers,logo.jpg
2913,showrhum,logo.jpg
2915,MAGAR,logo01.jpg
2917,artfleury,luoghi cd.jpg
2922,fadingfour,logo.jpg
2923,ilrive,74552_1640096693342_1564535771_1497883_3924261_s.jpg
2924,GASPANIC,logoblack.jpg
2931,introversia,introsedutistaz.resized.resized.jpg
2933,theblackroses,titlec.gif
2934,PAKURAKLIMT,PAKURA KLIMT.jpg
2936,everglade,logo_ever_finally_05.jpg
2940,arcasband,logo200.jpg
2941,nicgandthemogsy,logo_160x160_nero.jpg
2942,rockemergency,logo_re.jpg
2943,maxxx,Maxxx.Logo-web.jpg.png
2946,pattypravoeamicizialunga,logo.jpg
2948,heza,isola di wight foto 7.jpg
2949,sexydelikjumpintheviolet,bozza sjv logo.jpg
2950,marcobosco,logo.jpg
2951,shirleysaid,BannerShirley_800_LowRes.jpg
2952,249712952,logo.jpg
2953,Aneurysm,roguedemo.JPG
2955,oceanrules,IMG_4471.jpg295948.jpg
2956,Anomalyas,logo.jpg
2962,radiosupernova,logoRADIO_SUPERNOVA.jpg
2966,DelusionOnAir,logo mod1.jpg
2967,AnnaGiacomoLive,n1456039275_30209405_5955.jpg
2968,sebastiancontrario,logo.jpg
2970,forgottendust,loghetto copia.jpg
2971,thegravity,The Gravity.jpg
2973,isimboli,simbolo 5.JPG
2975,dLINE,Limax.jpg
2976,2ndofmay,marchio may copia.jpg
2977,falseness,no-logo2.jpg
2978,noriko,logo.JPG
2979,queenalive,qa-ridojpg.jpg
2980,figliduncane,bannerfigli.png
2981,legaleggera,Logo.jpg
2983,orghia,logomyband.jpg
2984,queerdolls,pro_la_boca_20_feb.jpg
2985,rockemergencyroma,logorock2.jpg
2992,musclemuseum,MUSCLE LOGO.jpg
2993,eleuteria,logo.jpg
2994,disarmonia,logodisarmonia.gif
2995,apachemind,rfe.jpg
2997,degrees,logo.jpg
3003,physicalnoise,logo.gif
3005,bloodmosquito,Logo.jpg
3007,tular,myradiologo.jpg
3008,sixlips,Logo Sixlips.jpg
3009,MrO,logomro.jpg
3011,TheBalmung,balmung2.jpg
3012,cloudburst,cloud logo2.jpg
3017,pursuitgreen,cover.jpg
3018,venereah,sassusu.jpg
3020,breathless,logo.jpg
3030,navarones,m_30637a0d40cf4c4aa91e642ffc84e3eb.gif
3031,radionuovevoci,logo.jpg
3033,collettivo01,LOGO COLLETTIVO01.jpg
3037,shopnhour,logo.jpg
3038,dromika,Dromika.jpg
3043,awe,logo.jpg
3049,icarozero,DSC_8681_.jpg
3050,soundtrace,logo.jpg
3053,pentatonicquintet,logo.jpg
3054,fouronthefloor,four on the floor.jpg
3056,QBAND,logo.jpg
3060,betuas,una.jpg
3064,wma,logo.jpg
3065,MADINSIDE,logo.jpg
3067,AIRBAGSBAND,logo.jpg
3069,natalyqueen,logo.jpg
3070,aesacus,logo.jpg
3075,FabioCanu,_MG_1982.jpg
3076,disagioacustico,resize 1.bmp
3077,VoodooPepper,logo.jpg
3082,maudits,Logo Maudits.jpg
3085,sparknfire,logo.jpg
3089,operahouseband,Logo_Opera_House_modificato2.bmp
3090,trepiuno,logo small1.bmp
3091,winterdust,6640_211966275550_153347680550_7753646_4855935_n.jpg
3093,simpleshoot,simboloSIMPLE.jpg
3098,primeengine,logo.jpg
3099,LASINDROME,COPERTINA LA SINDROME.jpg
3100,nuitdenote,logo.jpg
3101,thekey,logo.jpg
3103,berogue,P10006341.bmp
3104,SignsUp,logo.jpg
3106,rifleshot,logo.jpg
3107,TheRockAces,logo.jpg
3109,ultimafase,logo.jpg
3111,dreamsup,dreamsupLOGO.jpg
3112,TheHipsters,logo.jpg
3123,phoebus,logo.jpg
3124,seasideband,logo.jpg
3125,Sandflower,logo.jpg
3126,beatlesjuice,Ridimensiona dithe beat.jpg
3128,annoprimo,Foto.jpg
3129,enillafam,logo.jpg
3130,lucalastilla,logo.jpg
3131,TANKYOU,LOGO.bmp
3132,Axiom,TRUTHS DENIED_myband.jpg
3133,Synthesy,logo.jpg
3134,themarvelspace,logo.jpg
3138,ILSOGNO,logo.jpg
3139,AmanoLibera,amanolibera my band.jpg
3147,deseodetangoensemble,piccolo deseo bianco.jpg
3149,floridaitalia,logo.jpg
3152,crazydomino,cd.jpg
3153,senzarespiro,logo SenzaRespiro.jpg
3154,thewedgies,logo.jpg
3155,davidecaroli,logo.jpg
3163,theweed,00138m.jpg
3165,arturocontromano,loghissimo.jpg
3166,audioout,logo.jpg
3167,manial,l_fb65cbc9253f4b7182c914a2abc29908.jpg
3168,WhiteTrash,logo3.bmp
3169,thesnogsband,logo.jpg
3170,fottutoiron,logo.jpg
3171,keryskies,logo.jpg
3172,frankgiven,4605_1183644231673_1245245973_30528993_3126426_n.jpg
3174,thenextwishkeybar,logo.jpg
3175,senne,logo.jpg
3179,secondamano,logo.jpg
3181,meninbecks,Mib.bmp
3184,DEBRUYN,logo.jpg
3185,arthemia,JUMP PICCOLO.jpg
3188,STEREOCLIMAX,logo.jpg
3189,shout,logoSHOUTprova1.jpg
3190,AccidentalEncounters,accidental.jpg
3194,thebleed,logo.jpg
3195,ambraband7,l_2c60116fb9fff1cf38aedbea9034242c.jpg
3198,Mephitic,100x70.jpg
3199,kitschmusicband,m_48146794b0e3b249135474e6e428ae91.jpg
3203,DeviazioniSpericolate,avatar myband.jpg
3205,albachiara,logo.jpg
3209,nicturia,logo.jpg
3212,foxbridge,foxbridge.jpg
3215,lafebbre,la febbre logo2.jpg
3217,HANK,logo.jpg
3218,servidisobbedienti,logo.jpg
3221,DriveMeCrazy,logo.jpg
3223,Violedy,violedy.jpg
3224,meduseband,MEDUSEpiccolo.jpg
3225,thesteamrollers,2344523.jpg
3226,lenotesospese,n84067177556_8180.jpg
3227,lescouleurs,logo.jpg
3228,FOURBACK,Logo FOURBACK2 .jpg
3235,materialeresistente,mm_3722.jpg
3237,hacienda,logo hacienda.jpg
3238,mugaen,logo mugaen.jpg
3239,molinobaiardi,logo.jpg
3241,mirrors,MIRRORSw.jpg
3246,martinafontanaandthedustytravelers,logo myband.jpg
3247,steelflowers,logo.jpg
3248,danilovignola,logo.jpg
3249,ToxicAvengers,logo.jpg
3250,globage,logo.jpg
3252,rummerandgrapes,logo.jpg
3253,invena,logo.jpg
3254,ourway,logo.jpg
3255,joykin,joykin.jpg
3256,guernykatheband,GUERNYKA THE BAND 1 supercompressa.jpg
3257,BrokenValves,logo.jpg
3258,alkaseltzersalerno,logo.jpg
3260,ALPHANPRODIGE,logo.jpg
3261,TheEssencies,face.bmp
3263,nmillusions,logo.jpg
3264,scarletbalanga,scarletb.jpg
3265,Project85,Logo Project85 526px.jpg
3266,Grindhouse,avatar2.jpg
3267,toninoborzelli,gabbiettocand2.jpg
3274,fivelive,five live avatar.jpg
3275,thefourhoursmen,l_a5719eef03e74fc69c13eb7dea6fd2f7.jpg
3276,therandom,logo_random.jpg
3278,phonoemergencytool,GetThePet_160px.jpg
3282,DuckTape,logo.jpg
3285,Reverve,logo Reverve.jpg
3291,moveyourmusiccontest,logo.jpg
3293,heroesliveforever,Doomy 02.jpg
3294,hollywoodgroupies,_C118774.jpg
3297,SPLATTERS,aaaaaaaaa.jpg
3298,tersoRap,my band.jpg
3299,thefireescape,logo.jpg
3300,MAMAVIBE,logo.jpg
3301,weandthem,logo.jpg
3302,gabbagabbahey,logo.jpg
3308,enricomelis,l_fce63b60b2854be5b1016f64a9b4fb3f.jpg
3312,velox,26.jpg
3314,rostoback,logo.jpg
3315,Funkhatsisters,logo fhs.jpg
3316,underfear,logo.jpg
3319,DAMANERA,logo.jpg
3321,whatever,50556_314880317590_5699_n.jpg
3322,thrillingriff,logo corna.jpg
3323,SMITETHESHEPHERD,white.jpg
3324,thealano,alano apatia.jpg
3325,peppecirino,logo.jpg
3326,ilcrucciodikaronte,CK 150.jpg
3327,stalemate,IMG_.bmp
3329,ARD,proVAL1.jpg
3331,Feelbacks,logo_96.jpg
3333,DirtyMelody,n100235273351469_3210.jpg
3334,silenziosospetto,logo.jpg
3337,alteregoist,GLettieri.jpg
3338,Entropica,25107_106737369358372_104994536199322_124104_1199767_n.jpg
3340,dickens,16956_279689576975_80935411975_4019274_8358518_n.jpg
3343,NarcaN,Immagine.jpg
3344,RockShot,logo.jpg
3346,detroitrockcity,logo detroit rock city.jpg
3347,WildStrikes,logo big.jpg
3348,SferastaKILL,logo.jpg
3349,THEFRUSTBAND,23285_126659750685654_3848_n.jpg
3351,carminespadafora,logo.jpg
3352,closedspeech,CS.jpg
3357,74408493357,logo.jpg
3358,ipocrisia,logo.jpg
3366,step178,newloghino.jpg
3371,animedipongo,bio i.jpg
3373,JackCravatta,colori.jpg
3374,kryptoknights,kelelr2.jpg
3375,smoke,logo.jpg
3376,FRANKIESCAKE,logo.jpg
3378,Housebreakers,new logo 160x160.jpg
3379,Overseas,logo.jpg
3381,wateronwheels,IMG_0402.bmp
3382,anaconda,logo.jpg
3385,effex,Band photoshoot 2.jpg
3388,vaudevilleandbadomens,Vaudeville Logo molto piccolo.jpg
3392,archvile,logo.jpg
3393,furyu,FONDO NERO LOGO (4) web.jpg
3394,lesaubes,copertina.jpg
3396,cristalliliquidi,Copia di Copia di Copia di Copia di DSCF0004.jpg
3397,RavingCaos,raving caos verde.jpg
3399,mabilia,mabilia_rock_band_perugia_marsciano_mabiliapicture.jpg
3400,Fullmotionbluesband,FMlogo scrittaSmall.jpg
3401,fightclub,fc.jpg
3402,partygarage,2022 small.jpg
3404,Transalcolico,per sito.jpg
3408,membersofgod,LOGO.jpg
3417,lacollisione,logo.jpg
3420,settembreaberlino,logo.jpg
3421,triskelia,triskele.jpg
3422,theboh,MANO BO.jpg
3427,laventunesimafobia,laventunesimafobia 150 px.jpg
3428,Atlas,Atlas logo.jpg
3429,NemesIMetalBand,logoNemesi.jpg
3430,burnout,logo.jpg
3432,ElfenWald,5073433492_58b7edee0a_m.jpg
3433,artrepaz,logo.jpg
3434,poundofflesh,maninagmyband.jpg
3436,kaosdimensioncrew,never.resized.jpg
3438,jolietjakeband,logo.jpg
3439,lukejburton,Copertina.jpg
3441,maieutica,Copia di avatar.jpg
3442,risinghorizons,rhstars.jpg
3444,TroummatihC,logo.jpg
3446,FarFear,scritta1156.jpg
3447,lachaise,copertina.jpg
3448,themonkeysdrunk,logo.jpg
3449,themarshharriers,logo.jpg
3452,invitaminerva,logo.jpg
3454,unimelody,imagine profilo.jpg
3456,frogsontherocks,logo frogs.jpg
3457,iks,logo.jpg
3460,leatmosfere,ENR_0795-edit--miro.jpg
3461,Trailer,6.jpg
3463,bsidefunk,LogoBW.jpg
3467,chabaltrio,logo.jpg
3472,PeligrO,16641075_1919527208279888_5025759395373876109_n.jpg
3473,Boomker2011,Copia di banderboom2.bmp
3478,MartinArtaud,logo.jpg
3481,talkingaboutnothing,TAN Wallpaper.jpg
3482,gruntroots,gruntroots6.jpg
3483,CassinoneLiveContest,logo.jpg
3486,mindfreak,logo.jpg
3490,steelrain,logo.jpg
3492,motherside,logo.jpg
3493,ilregistratore,web press copia2.jpg
3496,Mercuria,Logo 2.jpg
3498,scatramundus,logo.jpg
3503,deatonica,Logo.jpg
3504,thekemils,24222_383171531667_86262641667_3763398_4690677_n.jpg
3506,goyah,logo.jpg
3507,cultofaphrodite,logo.jpg
3508,wisekebabs,default[1].jpg
3514,animavana,cd2008.jpg
3515,secretwizard,secret wizard logo.jpg
3516,toliman,magariforseècarino.jpg
3517,lamiaband,logo.jpg
3518,straighttopain,logo.jpg
3522,Holymartyr,images.jpg
3527,spiritualbrothers,rebirth 2 foto del gruppo spiritual brothers.jpg
3528,WarmSouls,logo.jpg
3529,thewoodoodolls,logo-wd.jpg
3531,anestesiaemozionale,logo.jpg
3533,TheWhiteRooms,199353_214591538557658_168802293136583_1018046_6467999_n.jpg
3534,soylenttree,logo.jpg
3536,Contaminazioni,Ico_Musica_2.jpg
3537,Gravelead,l.jpg
3538,absentfeet,gruppo .jpg
3539,fakemors,logo.jpg
3540,bigdix,BigDix bianca.jpg
3541,schoolnightmares,226947_131592183583838_100001991703383_219365_4233432_n.jpg
3542,SneiAp,chokurei2.jpg
3545,slidea,faviconVERSO.jpg
3547,piazzavibe,pvlog-1.jpg
3550,sottolestelle,FOTO PALCO SOTTO LE STELLE 2011..jpg
3551,themegs,FOTO THE MEGS.jpg
3552,ilmiglio,logo.jpg
3553,dancewithradio,logo.jpg
3558,MAMMACANNIBALE,FRONT 2 (Large).jpg
3559,REDIPS,logo.jpg
3560,gustopesca,5.jpg
3562,Teodasia,logo.jpg
3563,MOVIMENTO,Logo 1.jpg
3565,Malamente,n79432510352_2381445_2469026.jpg
3568,livecontest,logo.jpg
3569,orionsbelt,ava2.jpg
3571,TheOkes,187760_152853758113344_2547878_n.jpg
3572,lightsounds,29785_117192764979720_111460568886273_160572_7803513_n.jpg
3573,Provedirock,Provedirock_facebook.jpg
3576,saviodemartino,Savio De Martino (1).jpg
3577,manovalanza,Screenshot_20210305-173831~2.png
3578,wastegate,logo.jpg
3579,thewildhogsbluesband,logo.jpg
3580,Unfaithfulls,logo.jpg
3581,exroad,logo.jpg
3583,Overdrive,logo.jpg
3586,justmj,Logo-JUSTMJ-completoPiccolo.jpg
3587,ItaliaWaveBand,logo.jpg
3588,twistedtoys,1312365997_copertina.jpg
3589,Fightforadream,270805_141154249295749_121299351281239_254678_6602760_n.jpg
3591,Omegaband,logo.jpg
3592,NYLON,logo.jpg
3593,TekilaSoundfestival,solo logo.jpg
3594,AntiquusInfestus,logo antiquus infestus small.jpg
3599,thc,431525_411836492207086_99617312_n.jpg
3601,lithio,cover.jpg
3602,accademiadelrumore,logo.jpg
3603,Kinshipband,logo.jpg
3605,newyorksofar,nysf tunecore2xs.jpg
3606,TheFonz,Fonz logo (2).jpg
3607,Eliseum,eliseumlogo.jpg
3608,eternalkeys,eternalkeys.jpg
3609,happyhour,logo2012.jpg
3610,moody,393578_315156601839937_100000367981266_1102144_793184329_n.jpg
3611,burnages,Looking for the light.jpg
3612,francescocandoni,logo.jpg
3614,RubieraBlues,logo.jpg
3617,blascomodo,logo.jpg
3618,RaffaellaPiccirillo,Airam R. the other Side of me cover art.jpg
3626,PaentaRE,10514630_507605102673204_1126211919584053030_n.jpg
3629,onelastcare,logo.jpg
3630,lowznoise,logo.jpg
3631,Xstreaming,logo.jpg
3632,themissingplugnplay,logo.jpg
3633,VictorzetaeiFioriBlu,banner1.jpg
3635,ZIPCOVERBAND,logo.jpg
3636,vulka,logo.jpg
3637,soultrain,logo piccolo.jpg
3641,ombranova,160_logo.jpg
3642,Cheste,logo.jpg
3643,thegenuinebros,155450_466531492398_3632146_n.jpg
3644,bigbenshout,logo.jpg
3645,ILQUARTOIMPREVISTO,prof.jpg
3646,M52,logo 1.jpg
3647,sholo,logo.jpg
3648,anewhorizon,394060_10150527039111649_290121744_n.jpg
3652,7sevenlights7,logo.jpg
3654,soundalpha,logo.jpg
3655,Rorschach,301791_358977430825907_115015606_n.jpg
3656,TheBlowjob,31177_123114444380172_3099659_n.jpg
3657,RockContest,dream locandina muro.jpg
3658,Monoessenza,logo definitivo.jpg
3659,waiting,logo waiting.jpg
3662,TheUnsuiteds,531124_208919302554472_896608333_n.jpg
3667,PennyBand,PB.jpg
3668,deizy,deizy band.jpg
3669,thehellsgate,logo.jpg
3673,onehotminutetribute,logo.jpg
3675,rageofsouth,Logo Rage of South 160x160.jpg
3676,HELIUM5,helium5logodef.jpg
3678,RockkyBand,logo.jpg
3679,juliandoe,logo.jpg
3682,SilverFeet,logo.jpg
3683,iband,logopic.jpg
3699,TheLondonPride,logo.jpg
3700,aloudgothic,487031_356720441083073_1922059324_n.jpg
3702,camden,logo.jpg
3703,emptyriver,223548_565015696842001_1861160559_n.jpg
3704,sonicdaze,logo.jpg
3705,Onoffman,OnOffMan_FB_ImgProfilo.jpg
3706,EbonyCircus,554436_10151363971411489_1274254646_n.jpg
3707,incontrirock,logo.jpg
3708,AtlantideContest,logo.jpg
3710,toolatetowake,light too.jpg
3711,sanbenedettorock,SANBENEDETTOROCK.jpg
3712,oneshot,oshot.jpg
3714,aldograneseeladiasporaband,Arpa.jpg
3715,x35official,logo.jpg
3717,madeinseattle,22134.jpg
3718,rewout,logo.jpg
3720,THEHORNETS,logo.jpg
3723,radiointechnicolor,483791_530693356964091_48622615_n.jpg
3724,melodypoets,logo.jpg
3725,theAbsentDrinks,logo.jpg
3727,theplaymore,169.jpg
3729,fuochidipaglia,IMMAGINE.jpg
3730,BMP,logo.jpg
3731,dvlgator,LOGO2_DVL.jpg
3732,ifavolosicrackers,logo light.jpg
3733,ReutersHatesTheStringers,logo.jpg
3736,MaxRibbenz,logo.jpg
3738,simonebelardinilli,logo.jpg
3740,scarlettdgray,Copertina Scarlett.jpg
3741,deamantide,deamantide_1.jpg
3742,bubbles,logo.jpg
3744,theevacuees,logo.jpg
3745,fusioneafreddo,logo.jpg
3748,antoniomanco,Copertina album rid.jpg
3749,Weatherstorm,logo.jpg
3751,TheGrocers,575595_635420289820329_1685303311_n.jpg
3754,sulaventrebianco,IMG_2257.jpg
3757,bloodykiss,logo.jpg
3758,SoundTheory,923096_526065560788602_1873964317_n.jpg
3759,Novaffair,Novaffair_Yellow.jpg
3761,francescodi,logo.jpg
3762,antoniolipardo,525798_10151199072674548_1830061959_n.jpg
3763,alienodivetro,alieno_di_vetro_INfase.jpg
3765,thedarkshines,dark logo 160.jpg
3766,neverwakeup,logo.jpg
3767,distinto,DistintO cover internet.jpg
3768,4soldiproject,4 soldi p.jpg
3769,flehmen,logo.jpg
3770,ultrasuono,piccolo.jpg
3771,ForeverDowners,1005042_202223273264834_683845479_n.jpg
3772,CollegioLunare,LOGOCOLLEGIO23.jpg
3773,georgefrevis,george divano.jpg
3774,lamaschera,profilobuono.jpg
3775,dirtyhubs,dirty1.jpg
3780,onda33,lrg gh fffsdg.jpg
3781,DeepFeeling,deepfeeling3.jpg
3782,Naturaimage,logo.jpg
3783,tjkho,1006273_494285447319195_762967508_n.jpg
3784,ashatteredmemory,532227_449224735134800_2082529277_n.jpg
3786,neutroninthesoup,n2.jpg
3788,hellerschein,HS.jpg
3791,olgaandgangband,LogoOlgaGangBandBig.jpg
3792,distilladozer,logo.jpg
3793,HyenaRidens,logo.jpg
3794,TheKnickers,logo.jpg
3795,JosephNoland,Noodles.jpg
3796,severalunion,log.jpg
3797,outoftune,logo.jpg
3798,doutdes,bandLogo.jpg
3803,FulvioLaudiero,sfondo.jpg
3804,atropos,tied.jpg
3805,eclairsband,logo.jpg
3806,dreamingforcalypso,logo.jpg
3807,johnfalko,logo.jpg
3808,rocksane12,logo.jpg
3809,vert,full.jpg
3810,italianstreetsjazzquartet,1184879_630606800293872_139590138_n.jpg
3815,thebiscuits,logo.jpg
3816,whatif,avatar.jpg
3817,Hystericals,Hystericals Logo.jpg
3819,RnBeat,rb - Copia.jpg
3820,dollsrevolution,1150811_530898313624644_1699243609_n.jpg
3821,LESLA,logo.jpg
3827,TeenagersX,logo.jpg
3828,prodesm,1452450_776600792356858_862425592_n.jpg
3833,ArezzoWaveBand,logo.jpg
3836,StrangeSituation,logo.jpg
3837,triptracks,trip tracks piccolo2.jpg
3844,Almostdonefor,logo.jpg
3846,varanorock,1399320_173612909498706_1270270917_o.jpg
3847,hiro,LOGOsmall.jpg
3849,annuitcoeptisromeband,eye_of_provihdence_by_imacyytuallyhappy-d40t9pq.jpg
3850,spazioliberoresistente,stellina.jpg
3852,loobylook,LOGO DIMENSIONI my band.jpg
3853,BillyBoys,logo.jpg
3854,BicicletteVolanti,image.jpg
3855,laboratoriodimusicacriminale,logo.jpg
3857,ilmusicale,logo_musicale.jpg
3861,redbulltourbus,logo2014.jpg
3862,WoodsOfKarma,woods of karma.jpg
3863,royalenemy,royal enemy.jpg
3864,SoundWayProject,Logo Michele Rispoli artista_mini.jpg
3867,BACCHANALIA,logo.jpg
3869,aventunorock,aventuno.jpg
3870,andreaastarita,Andrea Astarita.jpg
3872,apeyros,logo 3.jpg
3873,secretrule,logowidth160.jpg
3874,ibridi,logo-IBRIDI-2k18-bandcamp.jpg
3875,Futhark,1368914342_AMERICA_VIDEO_3.jpg
3876,giocol,14015_1566562563577034_3720212308389851843_n.jpg
3877,BrunosPoker,logo.jpg
3878,officialbless24,logo.jpg
3884,coffeastrange,logo.jpg
3885,humanafterall,logo2.jpg
3886,euphoria,LOGO.jpg
3887,dinasyt,logo.jpg
3889,incognitarock,logo sfondo nero.jpg
3890,tonytuono,logo.jpg
3891,falziescorretti,logo F&S.jpg
3892,HIStoryTheMichaelJacksonNight,logo.jpg
3893,Punkakes,946755_432708656824999_416629916_n_compressed.jpg
3894,TheLegati,10409145_844396075578631_2926398752920685235_n.jpg
3895,soulbahia,logo soulbahia.png
3896,thestryd,logo claudio piccolo.jpg
3897,pinabolla,pina.jpg
3898,AlchimiaSonora,Alchimiason.jpg
3899,thekarnevil,logo.jpg
3900,sundaysocks,logo copertina rockit.jpg
3901,dharma,IMG-20150512-WA0003.jpg
3906,sinecerebro,lobobustoff3.jpg
3907,Hooligansmountain,logo.jpg
3910,thetube,FB_IMG_1513238661170.jpg
3911,roadflowers,bb.jpg
3914,fase39,logo.jpg
3916,wasat,logo.jpg
3917,voidprophetmetal,Prova_idea_sito-min-min.jpg
3918,Nightraid,logo nightraid piccolo.jpg
3919,tassang,logo.jpg
3920,superdry,logo superdry.jpg
3921,zephirokid,12341467_968794813166583_5225506048483184739_n.jpg
3926,HammerMusicContest,Contest 2.jpg
3927,soulmovers,logo.jpg
3937,LucaRuzza,min.jpg
3939,Yula,FB_IMG_1471987328176.jpg
3945,BROKENTUNES,logo.jpg
3947,nicoloannibale,14354997_1115330555212309_1642158598351765206_n.jpg
3979,TheGoldenPot,LOGO.jpg
3980,primulanera,Primula Nera logo j.jpg
3982,lastcontrol,Logo 50x50.jpg
3992,9537804813999933992,IMG_20170706_162908.jpg
3996,102094924321247683996,giuliafrezza.jpg
4007,102118211773586874007,logo.jpg
4008,102110287355475744008,logo.jpg
4009,4402308696705034009,logo.jpg
4010,17408028359360024010,logo.jpg
4011,FrankSinutre,logo_frank.jpg
4012,102125413613074634012,18403361_1130675790371241_8571830390380742267_n.jpg
4013,18943990674693054013,logo.jpg
4015,102115042232753574015,logo.jpg
4420,PerfettamenTre,Logo Nero JPG.jpg
4029,azzoband,logo.jpg
4030,pitwine,percocheinthewine600.jpg
4031,16046644031,logo.jpg
4032,357634032,logo.jpg
4033,7704374033,logo.jpg
4040,102101906621959144040,logo.jpg
4043,3941474043,logo.jpg
4045,17397794045,logo.jpg
4047,1501364047,FB_IMG_1512085441788.jpg
4048,nonsolocantautori,13522872_1728747367399841_5181784898123787019_o.jpg
4051,149380974051,logo.jpg
4053,18925214053,logo.jpg
4055,16080964055,logo.jpg
4061,HF4,HF4_big.jpg
4069,78837454069,Cicala - Il Saggio Tiranno (Daniele DEF).mov_snapshot_02.05_[2017.09.27_16.50.23].jpg
4070,12038634070,sionsoundroom.jpg
4071,30638234071,logo.jpg
4074,robertocilia,THUMB.png
4078,gianlucadipietro,274373712_10159324633609667_6248728014882119505_n.jpg
4079,lab081,17358578_1236915969678614_5100835592218806752_o.jpg
4083,ILPICCOLOBU,19668121_1393001990736416_1199028425_n.jpg
4084,12315124084,logo.jpg
4085,lucasorrento,123359789_3430937300360593_5495730800607119881_o.jpg
4087,bluecaravanofficialpage,24774798_928716870620782_285909961977274141_n.jpg
4088,cristoforonania,crisMare.jpg
4089,Ciabbath,15037219_1305944462769141_1984155280830716866_n.png
4090,2179144090,logo.jpg
4091,federicoavanobass,logo.jpg
4093,Maleizappa,logo250x250.jpg
4095,hydronika,front.jpg
4096,NEBRA,NEBRA copertina album Cuore Colpevole.jpg
4097,lampidimarte,Logo 2.jpg
4098,thereversofficial,the revers logo.jpg
4099,PiacentiDolcevitaOrchestra,IMG_2955-3-12.jpg
4100,108254100,logo.jpg
4103,1670674103,logo.jpg
4104,Daphne,Daphne_logo.jpg
4105,23308404105,FB_IMG_15614163994943164.jpg
4106,259234106,22555288_877311002444562_2274719121814786756_n.jpg
4111,CupeVampe,19143084_1940731679538063_4301787504757808811_o.jpg
4116,36995664116,logo.jpg
4118,Napoli,18485338_416189715433994_4700959018774581957_n.jpg
4119,valerievitiello,27332279_876124789234867_1160204781316914639_n.jpg
4120,68974414120,Paolo_2.jpg
4122,muaz,muazlogoviola.png
4123,romito,romito1.jpg
4125,19871864125,logo.jpg
4126,35304126,logo.jpg
4127,lipardo,FB_IMG_1602398178196.jpg
4131,taximusic,Circle Of Light - Rebirth (front).jpg
4135,4303974135,logo.jpg
4136,Trinacriarockcontest,FB_IMG_1562161758327.jpg
4137,superbia,logo.jpg
4138,alexromano,IMG_20190715_143739_667.jpg
4139,MrJack,logo.jpg
4140,carminecapasso,IMG_1138.jpg
4141,PROFILOGRECO,logoProfilogreconero mail.jpg
4142,Sabba,LETTERING-bianco.jpg
4143,popmuzic,Giuliano_on_sofà.jpg
4144,Godoofficial,Progetto senza titolo.png
4146,Greetmeyoursister,FB_IMG_1572522269917.jpg
4147,Calandrella,immagine profilo.jpg
4149,22130714149,logo.jpg
4150,212736344150,logo.jpg
4151,212730454151,logo.jpg
4152,Matrice,logo.jpg
4160,212729944160,logo.jpg
4162,215361424162,logo.jpg
4174,TitaSavarese,IMG_20200105_135130.jpg
4175,federaecuscini,IMG_0226MOD.jpg
4176,7823094176,logo.jpg
4177,ANNA,logo.jpg
4178,Node,logo.jpg
4179,21278054179,88f979e0-2a3f-4556-837c-06f6ac19c18c.jpg
4180,26658934180,Copertina_color_def.jpg
4181,Sesto,FB_IMG_1578570083873.jpg
4182,SIMPLEMOOD,logo.jpg
4183,lufarina,logo.jpg
4186,InfillsChain,Logo Infills.jpg
4196,richieravello,logo.jpg
4200,12781124200,logo.jpg
4204,859504204,logo.jpg
4230,102212191472954454230,Copia di hungry_logo_p.jpg
4231,Profugy,logo profugy.png
4234,156712334234,logo.jpg
4235,102239431091957944235,logo.jpg
4236,GregRega,greg Foto importante copia.jpg
4237,isenzaregoleofficial,logo.jpg
4238,spinellipertutti,_MG_7176.jpg
4239,102190366693273484239,19657129_10209988944699887_6640243195416574226_n.jpg
4240,devilsofmusic,Immagine_profilo_VEVO_5kx5k.jpg
4241,33202983380196594241,logo.jpg
4242,101500017766632834242,logo.jpg
4243,101500017774423504243,logo.jpg
4244,101500017776933154244,logo.jpg
4245,simonevignola,simone vignola.jpg
4246,101587764650334854246,logo.jpg
4247,17325974247,logo.jpg
4248,74136104248,RDF_9077mod2.jpg
4249,bluegospelsingers,95657254_3088743587830123_3259786341218516992_n.jpg
4250,8190134250,Metodica logo SMALL versione 1.png
4258,sunnamaper,64693908_379272276043098_4789214488698028032_n.jpg
4259,Otto,117180414_382615179369487_5047324486824723201_n.jpg
4261,24737307295972424261,logo.jpg
4263,33652793735218904263,logo.jpg
4267,27066264296008214267,logo.jpg
4268,FeliciaAzzone,5FE97F2E-AC9C-4C63-BDC8-FA22C22DB227 2.jpg
4269,16086634269,Screenshot_20201111-114101.jpg
4270,MartaFalconeCantautrice,profilo2.jpg
4271,Soulcor,Soulcor Logo.jpg
4276,Fabiana,logo.jpg
4278,102235428923513694278,logo.jpg
4279,102178565955428494279,logo.jpg
4280,102146234689795484280,logo.jpg
4281,Manusheen,90613441_3090347194350080_4146433969556029440_o.jpg
4283,102191006452425354283,logo.jpg
4287,GABRIELLARINALDI,Gabriella Rinaldi 1 oksmall2.jpg
4288,5982454288,logo.jpg
4289,Kamesoundcartoonband,biglietto fronte.png
4291,36629023904125004291,logo.jpg
4292,carlomarchese,Carlo Marchese spotify.jpg
4293,40410709659110974293,Carlo Marchese spotify.jpg
4294,dalila,logo.jpg
4297,102253456430540614297,logo.jpg
4298,Paduano,59064510_2299031610157028_7329913447892647936_n.jpg
4299,2542339396361504299,logo.jpg
4300,38125848254678954300,logo.jpg
4301,RadicalKitsch,download (2).jpg
4303,MassimoFerrara,FB_IMG_1614202874328.jpg
4304,62466934304,Profilo_Facebook_2021.jpg
4305,NoemiAlmond,logo.jpg
4308,34333100467747724308,logo.jpg
4311,stickagainstyourneck,DSC_0046-min.jpg
4313,ClaudiaSacco,Claudia Frames (5).jpg
4314,RadioAttiva,BAND.jpg
4316,184680714316,logo.jpg
4317,205984317,logo.jpg
4318,MILFROCK,MILF_bianco.jpg
4319,malbianco,33.jpg
4320,UNDERTHESNOW,120083273_1448989041977194_6645598753669660953_o.png
4342,poisonblackout,PB2K24 immg profilo.jpg
4322,OutTheClub,118827930_648619202447032_6308840199160789773_o.png
4323,mondayproof,logo.jpg
4324,SADA,WhatsApp Image 2021-03-26 at 22.50.20.jpg
4325,lebisce,logo.jpg
4326,matteopalermomusic,matteo foto web 1.jpg
4327,francescodalpozmyband,Francesco.jpg
4328,liziandthekids,adesivo giallo.jpg
4329,CATONE,IMG-20210327-WA0055.jpg
4330,Mosaico,logo.jpg
4331,MistressLeaf,logo.jpg
4333,20026943432037454333,logo.jpg
4336,EvolveAlba,logo nero fb.jpg
4337,MillenniumBug,78197331_2526945464204335_7599193917233299456_n.jpg
4341,SimoneAttiliMusic,Simone Attili black reverse RGB.png
4343,248253054343,Logo A_bianco_1440.jpg
4344,lisagiore,profilo.png
4345,102258920969598364345,logo.jpg
4346,ERGOGIUS,IMG_0528.jpg
4347,102256014595711504347,logo.jpg
4349,102264887881514074349,logo.jpg
4351,THEHUMANDISORDERS,IMG-20210328-WA0001.jpg
4353,Dafne,102763324_958860284557302_75980736042857021_n.jpg
4356,berardi,Berardi profilo.jpg
4357,MartinaDAmore,per tv -2-min.jpg
4360,TheMonkey,logo.jpg
4367,20186264716194094367,logo.jpg
4368,Flag,logo.jpg
4369,Modestino,logo.jpg
4377,banadisa,BANADISA.png
4380,AndreaBrunini,Andrea Brunini.jpg
4382,fabianamartone,IMG-20211105-WA0014.jpg
4386,Grimmen,grimmenlogo.jpg
4387,100842724387,logo.jpg
4388,myky,_DSC8214.jpg
4389,sorrymom,277740381_665947658002730_7300408875600451998_n.jpg
4390,danieledelia,Copertina 1600 x 1600.jpg
4391,110527474391,logo.jpg
4392,Cesare,Cesare cover Album 2021.jpg
4393,acasadiUke,acasadiUke.jpg
4396,Bludeepa,Copertina.jpg
4398,Erricoru,Copertina vol 2_rev3_low.jpg
4400,BernaParkHotel,01 - Original.png
4401,modellato,logo.jpg
4403,Esterea,C2F59A6E-0EF6-4A4F-A5F9-7B98D24FC6D3.jpg
4404,NikoAlbano,logo.jpg
4409,ilbuconero,logo.jpg
4410,Maida,logo.jpg
4411,155096384411,logo.jpg
4414,AndrewJFox,logo AndrewJ.Fox.png
51,LeBaccanti,baccanti.jpg
4415,hanabi,FB_IMG_1662706656552.jpg
4419,adrianomarinelli,2.png
4422,14818374422,logo.jpg
4424,12093044424,logo.jpg
4428,Fabrix,IMG_20221207_225305_319.jpg
4429,2119524429,logo.jpg
4430,CAIX,logo.jpg
4431,BLUVELENO,DSCF0600 1 - Copia (1).jpg
4432,25008734432,IMG-20221227-WA0066.jpg
4433,662094433,logo.jpg
4435,suppain,020D795E-B48C-4866-8C8B-3538A1282745.png
4449,Gavriel,logo.jpg
4452,OKBYE,ok bye logo 750.jpg
4462,5191134462,logo.jpg
4466,758124466,logo.jpg
4468,DanieleViciani,FB_IMG_1557057776281~2.jpg
4471,82093034471,Progetto senza titolo (3).png
4472,Cantautore,logo.jpg
4473,RubenSpera,20240420_142142 (2) (1).jpg
4474,Kin232,Logo Band tunecore.png
4475,45184644475,logo.jpg
4477,Lucido,logo.jpg
4479,admproject,copertina.jpg
4486,281394486,logo.jpg
4490,Stereo8,IMG_4024.png
4491,BERLINA,logo_1 (1).jpg
4493,21123754493,Vortice_jpg.jpg
4494,Attatototo,Logo png (1).png
4498,170616394498,logo.jpg
