legacy_gestore_id,legacy_band_id,percorso
4,19,lisozima
5,20,Ilostmyglasses
6,21,CFB
7,22,Toresons
8,23,GreenOrange
9,24,Manipadmaone
10,25,silverjuice
11,26,Meskalina
12,27,EtoileNoire
13,28,Dabol
14,29,2WEAK
15,30,Diaspora
16,31,KERNEL
17,32,Fedra
18,33,INTIFADA
19,34,LIOLA
20,35,ANSIRIA
21,36,Dilaemma
22,37,FestaMesta
23,38,Trauma
24,39,Madeira
25,40,Lothlorien
26,41,RossoBand
27,42,badpuns
28,43,Mamasan
29,44,Metharia
30,45,ROSPIEROGENI
32,1759,gianlucadibonito
33,48,USHUAIA
34,49,Nemesis
35,50,StatidAgitazione
36,51,liberisucauzione
37,52,FUTURAGA
38,53,Sovversa
39,54,mustywig
40,55,eclipses
41,56,PiACCACCiESSE
42,57,lostmoon
43,58,AMMESSOENONCONJAZZGROUP
44,59,Babele
45,60,FTM
46,61,PROGELFO
47,62,HangarPraha
48,63,PetersGospelChoir
49,64,TheInsecya
50,65,AQUEFRIGIDE
52,67,PLANH
53,68,STRAWBERRYFIELDS
54,69,SHELTER
55,70,CANCRENA
56,71,DoNot
57,72,SPARKLENIGHTLY
58,73,Physima
59,74,TheDogma
60,75,lastexit
61,76,tregua
63,78,TavernaSound
65,80,LieAngel
66,81,GAMILA
68,82,STORMYSHOUT
69,83,marvin
70,84,DIKROIKA
71,85,Cyclops
72,86,Alkimia
73,87,KeyC
74,88,NoveOreNere
75,89,pastonudo
76,90,LeviaGravia
77,91,globulirossi
78,92,Movengo
79,93,Essentia
80,94,LudovicoVan
81,95,SistemaLimbico
82,96,ROCKGAMEIT
83,97,Meduse
84,98,CADABRA
85,99,GRIMM
86,100,Dunia
87,101,PULPiTO
88,102,ALIDIVETRO
89,103,PROGETTOM
90,104,BorninOrn
91,105,viaggiosegreto
92,106,ChainsOntheRoad
93,107,TempodeMal
94,108,Kalamandra
95,109,Palkoscenico
96,110,Desdemona
97,111,scat
99,113,IMPASTONUDO
100,114,Phanuellies
101,115,TRENERGIA
102,116,ESP
103,117,FOLLINARIA
104,118,Metanoia
105,119,Paintedofblues
106,120,clivius
107,121,NEROLUCE
108,122,BiancoPlumbeo
109,123,LAZYBUMS
110,124,Beltrame
111,125,TheIcelighters
112,126,PermanentWaves
113,127,Bedofroses
114,128,SciarraPopolo
115,129,arianeuta
116,130,lowfi
117,131,Verbaud
118,132,LaTrasmissione
119,133,NADIR
120,134,onegoodround
121,135,ANEMA
122,136,Barn
123,137,artbeat
124,138,JethroTrilli
125,139,anger
126,140,Endorphine
127,141,ROSSOCENERE
128,142,CRISMA33
129,143,PRIMALUCE
130,144,erasma
131,145,madadayo
132,146,benzina
133,147,orea
134,148,IFIGLIDIARIANNA
135,149,Vanillasky
136,150,SOWN
137,151,GHOUL
139,153,DNA
140,154,DASAUGE
141,155,VerterHG
142,156,Shangrila
143,157,MicheleContegnoelaGrandeBevuta
144,158,exxonValdez
145,159,Shine
146,160,eLenoiRe
147,161,erika
148,162,ministrodeltempo
149,163,4useronly
151,164,riservaMOAC
152,165,pantarei
153,166,mrsdalloway
154,167,MaryInfanga
155,1,Videodrome
156,2,mdsmonopoliodistato
157,3,CRYSOPERLA
158,4,seacove
159,5,taccumpoder
160,6,reve
161,7,analisylogika
162,8,vyrus
163,9,INDOLE
164,10,chelsea
166,11,lightssoff
167,12,Fuzack
168,13,BatteriAcrobatici
169,14,RESET
170,15,statoalterato
171,16,Emografia
173,17,primitivesteps
175,18,RestinPain
176,168,IndustriadellOzio
178,170,LOVA
179,171,Dioneo
180,172,CYKNHCbIH
181,173,ReNudo
182,174,Jaele
185,175,blackvibe
186,176,Schue
187,177,lukeskw
188,178,Awake
189,179,SirPsycho
190,180,AGLAIA
191,181,spun
192,182,jahina
193,183,dolciveleni
194,184,CRYfromTHEstreet
195,185,DullNoise
196,186,TEMPLEOFVENUS
197,187,PsedoAmorfeus
199,189,MERIDIAN
200,190,RanaUei
201,191,MilkShake
203,193,Glebula
204,194,nofun
205,195,jarawa
206,196,Insiria
207,197,MONOMA
208,198,NicholasCaporusso
209,199,twistedquiet
210,200,bleedingeyes
211,201,CiSHa
212,202,Playbei
213,203,Fograss
214,204,Dualshock
244,205,GRACE
245,206,Frankiethebastards
247,207,Pornopilots
248,208,ResetVt
249,209,Charme
250,210,PhysiqueduRole
251,211,Jammafunk
252,212,DPS8
253,213,littlebrown
254,214,InnoIt
255,215,KLOWN
256,216,Frastuono
257,217,DROPOUT
258,218,skarraphonx
259,219,ENTROPY
260,220,AnaKronon
261,221,AYEDAVANITA
262,222,CRIFIU
264,224,EyesofMedusa
265,225,preparazioneh
266,226,IMPURE
267,227,SweetFlavour
268,228,brokenbrain
269,229,TheCraps
270,230,Laconico
271,231,fandango
272,232,Pixel
273,233,orientexpress
274,234,MALARMA
275,235,Deriva
276,236,CrEEpS
277,237,Sidonia
278,238,SugarKane
279,239,RELAYPSE
280,240,Tyrengot
281,241,Ammuina
282,242,TheFux
283,243,ConcettoEtico
284,244,NADIR2
288,247,Cybersadic
289,248,sputnik
290,249,MISSIVA
291,250,gardenia
292,251,Invisi
293,252,OGRO
294,253,theSeacove
295,254,Madagaska
296,255,SarahMicol
297,256,BLINDTOWN
298,257,HulahFamily
299,258,zuaneken
300,259,neif
301,260,Versoseno
302,261,electroterrier
310,263,SOLITISOSPETTI
311,264,SOUNDCHECK
312,265,Drone
313,266,grady
314,267,MireaScar
315,2398,domenicabluff
317,269,CoolFusion
318,270,DanieleGiovannoni
319,271,SKAKKOMATTO
320,272,BlueCatBlues
322,274,Reflex
323,275,hotmailgroup
324,276,uZzolo
325,277,era
326,278,JSPROJECT
327,279,SHY
328,280,IlVortice
329,281,Gnut
331,283,Extraforg
332,284,MOVIDA
333,285,alicehide
334,286,ANOMICA
335,287,Poems
336,288,SPOONRIVER
337,289,LeTrouSociete
338,290,MaPo
339,291,gekostear
340,292,Route666
341,293,acidobalsamico
343,295,Iride
344,296,Sottopelle
345,297,ZER0
346,298,Moodhula
348,300,Bside
349,301,capoverso
351,302,AiKiA
352,303,Den
354,305,DAYAFTER
355,306,ZeroConsequences
356,307,NoBookOfManners
357,308,muertenova
358,309,NoCodes
359,310,Thebid
360,311,malammuina
361,312,Contro
362,313,MALICECAGE
364,314,Polimnia
366,315,NIRVANA
367,316,Crowdead
368,317,jimihendrixcoverband
370,319,Skaramanzia
371,320,SkaccoMatto
372,321,theIdles
375,324,sTorm
376,325,CODICE22
378,327,Fragmenta
379,328,CosaSuccedeinCitta2
380,329,venerdi17
381,330,SalvatoreSilvestri
382,331,ZARATHUSTRA
384,333,UnderSkin
385,334,MANDRAGORA
386,335,Calcare
387,336,HYDRA
388,337,watersoapandfunky
389,338,InfrA
390,339,ControventO
391,340,DEMETER
392,341,anonimafolk
393,342,FUCKSIMILE
394,343,ONCEUPONATIMEatributetoPearlJam
396,345,VogueViolet
397,346,RAdIoCaOs
398,347,ZeroLabStation
399,348,TINOPASCUCCIBAND
400,349,TARA
401,350,zonaloud
402,351,KIEF
403,352,Kundara
404,353,dalya
405,354,Stargazer
406,406,hornbeat
408,357,Skappatin
409,358,ZION
410,359,Gxpless
411,360,BeddaMatrixBand
455,455,bromio
457,457,drt
458,458,Backsense
459,459,666
470,470,IstericA
473,473,24hours
474,474,adlibitum
481,481,dipiefast
483,627,gotham
489,489,fosgeni
491,491,judie
494,494,ADD
498,498,fdp
499,499,malerba
502,502,karmaj
503,503,husk
504,504,innexto
511,511,mybandtest
512,512,theshadowline
513,513,iridyum
521,521,MOTOPERPETUO
522,522,kb
523,523,endless-time
524,524,BPM
525,525,neurotic
526,526,h24
527,527,formatoam
528,599,autoridadloca
530,530,blastem
532,532,DEE-DEE-PIERRE
534,534,jackanotherdrink
536,536,dixonhill
537,610,gunsreloaded
538,538,kismet
541,541,quasarband
542,542,eraband
544,544,stainofus
1145,188,Stilema
1149,592,Mansonhate
1150,597,avenueband
1151,600,D4V1S0N
1155,614,theflyingcats
1156,616,parzialmentesklerati
1158,628,sleepteasy
1166,629,suonospray
1172,639,mrgauss
1180,1971,gionimadatawy
1182,634,izamiss
1183,635,cdt
1184,642,moist
1186,640,novalium
1187,641,justice
1191,643,Snook
1192,646,moodysound
1193,647,marcogiolli
1196,650,Lucio-Battisti-Tribute-Band
1197,2608,andreatorello
1199,652,progeny
1206,662,theroykingdreper
1209,663,sartory
1214,664,coolmania
1215,665,trambuska
1216,667,tenia
1217,666,runaway
1223,670,skandol
1228,671,shortcircuit
1231,672,wallcrashers
1232,673,thepms
1233,674,scantinight
1237,675,sonoria
1239,676,Gentlegroove
1240,686,queglistraniamicidimiamadre
1241,687,NoName
1242,688,alterego
1249,689,risinside
1259,695,speciallymild
1260,1491,nowayout
1263,696,zeder
1264,697,onewayroad
1266,698,beatall
1267,699,inblue
1269,700,touch
1270,701,faq
1271,702,impact
1272,706,propaganda
1273,704,FreeLife
1275,705,moonflowers
1276,709,TheShamans
1279,729,giogentile
1280,712,beatlejuice
1281,713,pororoca
1283,714,coolsoundmachine
1286,715,goodmother
1289,716,rainbowfuturemouth
1292,719,thestream
1293,717,ghibli
1302,718,veda
1304,720,sliding-colours
1307,736,BlackShake
1308,1447,forbiddengrace
1311,721,pspies
1312,722,Nihilium
1319,723,suite
1320,725,smileandjoy
1321,923,sleys
1322,726,quintomondo
1323,727,quiver
1327,730,123456
1328,731,Skate
1329,732,orgasmosonico
1331,733,percorsoweb
1337,734,salitabacchi
1341,735,circolovizioso
1342,834,ordem
1343,737,MOMOM
1344,738,asanisimasa
1347,739,ipnotika
1348,740,verbavolant
1349,741,1N5AN31N51D3
1350,1904,esdem
1351,747,LadyKiller
1352,750,scalyanteater
1354,751,alltheniko
1355,752,dioniso
1361,755,anemica
1363,832,sheron
1365,756,Deva
1371,1033,La-Rambla
1372,757,cabriolet
1373,1837,ultiva
1375,758,cartonianimali
1376,833,storia
1377,773,svk
1378,759,acousticdreams
1379,760,lolablau
1380,761,Nomorefoolideas
1385,765,Dreamland
1386,766,tatvit
1387,767,POINTOFVIEW
1388,768,echoes
1391,770,ufoclub
1392,771,sballiravvicinati
1394,774,worthless
1395,775,rip
1399,777,Cristal-eyes
1400,778,torrisonore
1405,779,blackcrowimmortal
1409,781,nibelheim
1411,780,Lampigrevi
1412,840,romanobros
1413,831,yesman
1418,782,dna71
1426,784,nandocantapooh
1428,785,anietzka
1429,1378,concerti
1432,1369,Ocean
1433,802,ametistaband
1439,803,mystiqueband
1440,804,budregassi
1442,805,METASTRADA
1445,806,megamouth
1446,836,bandanelvento
1454,807,lehdgravity
1457,809,MarcoDecrestina
1458,810,bborkestra
1459,811,silentvoid
1460,812,poetica
1461,813,sharpdressedman
1466,815,myblackpage
1469,827,crowdead2
1472,835,Daydream
1473,817,kernelzero
1478,816,ushas
1486,830,ivanofortuna
1490,821,BacioDiGiuda
1491,822,diatonica
1492,846,tonyv
1499,828,3sacchetti
1505,829,kontagio
1508,837,fuoricentro
1512,859,fruitygrooves
1520,1252,blizzardoflizard
1521,864,momasson
1525,870,shadesoflight
1527,871,casciola
1528,882,Krypton
1530,984,blueswing
1531,892,kylamoyl
1532,1031,theblackmamba
1536,898,brightnessformetalsake
1539,899,POLFEAR
1540,900,crawler
1542,902,monotonia
1543,903,TINKERBELL
1544,920,anewdamage
1545,921,esperia
1548,941,underdogs-band
1549,924,serpentariana
1551,1030,doctorbrain
1552,925,palasport
1554,928,Taigasunrise
1555,983,sweetsick
1556,929,overload-sound
1557,930,ipnotica
1558,931,blackburn
1559,932,Corroosion
1561,933,lop-sided
1562,934,madame-lingerie
1563,935,annitaegliogm
1570,936,koiné
1572,937,elea
1573,956,Thepounds
1574,938,vegasonline
1575,940,devors
1577,942,SaliceCried
1578,943,kartakarbone
1579,944,SenSelesS
1580,945,MATHATOYO
1581,946,livingforsunday
1582,1018,3flash
1583,947,fanalidiscorta
1585,948,nitarao
1586,949,prophetek
1587,950,ScottMary
1588,951,Hezel
1589,954,anomalya
1590,952,noiseandconfusion
1591,953,tremendicanti
1593,955,athea
1594,957,theneighbours
1595,958,yaleo
1596,959,INKIOSTRO
1597,960,zimbawa
1598,961,lostmind
1600,962,thesnookys
1604,963,funkazzisti
1605,1559,cloweb
1611,964,Rossomagnetico
1613,965,maimale
1615,966,joebustedband
1616,967,MCGERRY
1617,975,dionisio
1619,976,eureksound
1620,978,thenewdeealers
1621,977,blackrose
1624,979,borderline
1625,982,experia
1633,1002,rafxvai8
1634,1004,dealibera
1637,1007,16bit
1640,1008,boeq
1641,1012,atgod
1647,1013,midnightmadness
1648,1014,fourfahr
1650,1034,poland
1652,1035,Pelagus
1656,1036,under-shock
1662,1038,inkalive
1665,1039,thekasma
1666,1040,BLACKROSES
1672,1046,AMMONIAKA
1673,1047,postmodern
1674,1048,demiurgo
1675,1049,fioridibach
1676,1050,phonema
1677,1051,malaminkiata
1678,1052,neraluce
1679,1053,sicksenders
1680,1054,malachite
1681,1056,Arles
1682,1055,tiresia
1683,1057,IDENTITYLAB
1684,1058,rau
1687,1144,MoreChoice
1692,1059,dropofmadness
1693,1060,Vipida
1695,1063,salvobenson
1696,1061,famd
1702,1066,ipernova
1703,1067,malia
1709,1069,hastenia
1710,1068,samizdat
1712,1070,mamadagan
1718,1071,mamalook
1719,1072,madhamster
1723,1087,atmosphera
1736,1076,sleepingbeauty
1737,1078,dionisofe
1739,1079,bigjam
1744,1080,fightthesystem
1749,1081,s
1750,1082,goya
1751,1083,malvidro
1755,1084,vinny
1756,1085,tempotecnico
1757,1086,vintageviolence
1758,1088,polterz
1761,1089,evolutionaho
1762,1090,chardham
1764,1091,magnoliatrio
1766,1093,inseedia
1767,1094,miromesnil
1768,1095,frab
1769,1096,theaimless
1771,1097,progettomusica
1772,1098,fireflybluesband
1773,1099,thegolds
1779,1119,microb
1781,1121,nosense
1783,1122,aboxj
1794,1128,pg
1795,1908,dodostop
1797,1126,spleen
1800,1148,Hagraba
1801,1137,anomica1
1805,1145,blackholeprog
1807,1146,anotherchannel
1808,1147,123
1811,1149,kristkunst
1812,1150,loudmethod
1817,1151,diadema
1819,1152,maestridellozio
1822,1154,moska
1823,1155,empirica
1824,1156,UCS
1825,1374,none
1831,1157,stoneover
1839,1158,plusnk
1840,1159,soulstice
1841,1160,SnP
1842,1162,darkene
1844,1161,stompcrash
1846,1164,thecarving
1848,1165,proximaluna
1849,1209,calibro69
1851,1168,milaserveaitavoli
1858,1167,strinè
1859,1172,deepness
1860,1169,dozeneyes
1861,1173,Drunk
1871,1170,vithra
1875,1171,ALEKO
1879,1175,bandoniafly
1881,1176,propertyofnowhere
1887,1177,revenants
1888,1179,progettozeno
1889,1376,alevole
1894,1180,chakrah
1895,1181,thenoodles
1896,1182,Taurettes
1905,1195,Voradica
1908,1196,Luigidb
1909,1197,deadpoets
1915,1198,noisefree
1916,1199,labandalarga
1927,1201,colpadalfredoband
1928,1202,debored
1929,1203,spaccailsilenzio
1931,1207,radioko
1932,1208,easysex
1933,1740,virginnoise
1934,1210,madespecialfor
1935,1211,rottenshore
1938,1212,nunu
1940,1213,mtm
1941,1214,runriot
1942,1226,jessenia
1943,1215,Syler
1944,1587,traumen
1950,1216,DaphneBand
1953,1221,Zero-24RockBand
1955,1222,riliam
1956,1223,overreaction
1957,1224,thousandonecore
1958,1225,thepimpalswizard
1961,1227,heike
1963,1228,thewonkies
1970,1240,ninive
1974,1372,dal2001al2006
1975,1242,hotroadsbluesband
1977,1244,soundscape
1985,1245,ethe-real
1986,1246,emmecosta
1987,1251,ENRICOFILIPPETTI
1988,2241,GPLHC
1991,1248,animapopolare
1992,1249,FLASH
1993,1250,LostOne
1995,1907,Murnau
2007,1253,frankandstein
2009,1255,FullImmersion
2012,1786,neronirica
2013,1256,maiself
2014,1258,safecrash
2020,1259,skuma
2021,1974,breakage
2023,1484,morninglory
2033,1261,eyestonebrain
2035,1262,skay
2041,1263,gAp
2045,1265,psychicinstitute
2046,1360,edo
2054,1370,RedMoon
2062,1268,skabawow
2067,1269,poohlover
2074,1276,orb
2110,1277,4ever80
2111,1278,acrylate
2112,1279,punkinboyz
2118,1314,TheDevios
2120,1320,RebelDream
2122,1280,sliding-note
2125,1281,autumnsrain
2130,1292,doublesense
2131,2794,56295162131
2132,1295,beatrix
2140,1296,babbabia
2149,1297,jtrsickert
2150,1300,Prekaria
2153,1305,noscrape
2155,1303,lunà
2156,1304,dafogobaby
2160,1306,cellardoor
2164,1313,culturale
2166,1315,yeah
2174,1321,vincentrockalive
2175,1322,AssAssAssAss
2176,1324,NHOPE
4372,2994,parker
2177,1325,redrum
2178,1496,ARTICA
2179,1326,lagiungla
2183,1327,7thFLOOR
2184,1329,kodama
2187,1330,ellle
2190,1331,butterflies
2191,1332,oxidiana
2192,1339,matteoquagliotnt
2194,1338,ninkasi
2195,1340,navarro
2196,1341,lungo
2198,1342,Bari
2199,1348,EarthOf5
2202,1352,Ska
2203,1353,Franci
2204,1355,punk
2206,1356,Gavetta
2210,1357,rock
2217,1361,home
2227,1395,4shots
2229,1373,thejar
2233,1375,percorso
2236,1377,duro
2238,1488,MANIPURA
2246,1401,SOUTHERNKROSS
2247,2041,69dealers
2248,1380,ytytytyt
2249,1381,misszebra
2250,1909,KATARROCK
2252,1387,nessuno
2257,1382,portofranco
2258,1481,afo4
2262,1495,eyescream
2263,1386,keithonirika
2268,1388,live
2269,1389,645
2270,1390,MayDay
2271,1391,Netto
2272,1393,thebeaters
2274,1396,ciaobelli
2277,1417,cattivik
2281,1398,lamiabanda
2285,1402,gruppozed
2286,1403,pausacaffemusic
2293,1404,altatensione
2294,1818,mexcal
2298,1407,chicretro
2301,1411,biogenetyka
2302,1412,JALEBI
2303,1413,lorelayne
2304,1414,TheAntares
2305,1441,GLEMM
2306,1415,tiex
2310,1416,RubieraRock
2313,1418,drouned
2314,1419,DarkDew
2315,1420,HEARTsinPAIN
2319,1421,praeludium
2321,1422,ampm
2324,1425,theniceprice
2325,1426,repetra
2326,1427,tittitwister
2329,1428,lanomalia
2330,1443,TheStage
2331,1429,kamon
2335,1431,DeadlyCarnage
2337,1430,Pornology
2338,1432,enigma
2342,1433,Ibambinidellospedalepsichiatrico
2343,1434,mantica
2344,1435,sonicwave
2347,1483,sindromedipeterpan
2348,1436,Arice
2349,1437,SevenTips
2352,1439,STUBS
2367,2369,humanoalieno
2382,1446,gianluca
2388,1448,alagoas
2404,1450,acidentity
2407,1451,thefuzzes
2408,1452,thegriphon
2410,1454,foja
2411,1455,nuclearshadow
2415,1457,overtures
2417,1458,gentlemen
4340,2961,38283242039149294340
2418,1459,PazzoApparenteCircusBand
2423,1476,altovolume
2425,1465,thesborz
2428,1466,gliemblema
2429,1467,fine99
2430,1468,antimateria
2431,1470,Random
2434,1469,THEMAJESTY
2441,1471,mybandtest2
2442,1472,SCARLATTIGARAGE
2443,1473,IPUNTOCOM
2449,1474,figlidijohn
2450,1475,thanatos
2451,1851,psychopathicromantics
2453,1477,provinciasonora
2455,2715,198499622455
2457,1485,humanoira
2461,1494,lastrada
2482,1487,BrokenMelody
2486,1490,Logica
2487,1492,abulico
2488,1493,hotlips
2495,1501,APERFECTMISTAKE
2496,1502,monkeyinblues
2500,1503,tntporkpunk
2501,1504,apolidia
2506,1505,DIASTEMA
2509,1506,freakemart
2511,1508,thecorianderstem
2516,1511,drunkmonkey
2517,1512,senzatesta
2518,1513,NaaDiR
2519,1514,amoga
2521,1517,astrdalong
2522,1518,cattura
2525,1519,thelost
2526,1520,vincenzosorgente
2530,1521,enzosorgente
2531,1522,noisearena
2534,1523,timeless
2535,1524,RADIAZIONE
2538,1525,marilit
2539,1526,BiogenetykaFANCLUB
2540,1527,riflessi
2546,1528,troisediscopub
2547,1529,Riverside
2548,1530,Massafurtiva
2549,1531,theweakestbaboons
2551,1532,mrxsyn
2554,1533,bloodymery
2556,1534,Eclipse
2557,1535,fuorinota
2559,1554,apotropaica
2560,1536,conglomeratobituminoso
2561,1537,Nocturnia
2562,1538,liquidbread
2563,1539,thelittlewhitebunny
2564,1966,evolve
2565,1540,Focktotum
2566,1541,klivia
2569,1546,IRONearthquake
2572,1545,Thejokes
2573,1547,technicolourdream
2578,1550,SHAMAT
2579,1905,outcube
2580,1551,funkymonkeys
2581,1552,roadies
2582,1553,roxpopuli
2584,1555,senzasenso
2585,1556,noctilius
2586,1557,driverdeniro
2587,1608,nessunpericolopervoi
2589,1558,CIRCLE
2590,1560,BEMS
2592,1561,theditasproject
2593,1563,dot
2595,1562,soggettismarriti
2598,1566,fuoritempo
2599,1607,VINTAGEONTHEROCKS
2600,1568,nuovaipotesi
2601,1567,elefunk
2602,1569,rhfs
2604,1570,memoria
2605,1576,maybeesite
2606,1571,oneiros
2609,1573,THEFUCKERS
2610,1572,lostark
2611,1574,LaBirraDeiFolliFC
2612,1575,banditz
2613,1610,mudlarks
2614,1577,devilsband
2615,1609,headlost
2621,1579,Antonomasia
2622,1580,percorsobohemiankarma
2625,1581,senzaessenza
2628,1584,sevenlights7
2630,1582,skattegat
2633,1585,preyofthewhiterabbit
2636,1586,EraSer
2639,1588,anothercrazyband
2640,1589,magunda5strings
2641,1590,whispers
2642,1591,bloodyguns
2643,1592,Thelazyrabbits
2646,1593,rifflessi
2647,1594,spasmodicamente
2649,1598,Crossfire
2650,1595,dissonanzearmonike
2651,1808,BandDemo
2653,1596,LACLICKQUIMMODA
2654,1709,comaberenices
2655,1599,kinderheim27
2656,1601,AVESTA
2657,1602,blackteardrops
2658,1603,tremori
2659,1604,versionelaternativa
2663,1606,napoliband
2664,1605,HIGHVOLTAGE
2668,2392,dreamweavers
2671,1617,dogsoutrailing
2672,1616,JUSTFROMHELL
2674,2067,CaptainCrash
2677,1619,nemesiband
2678,1620,bedtoys
2679,1621,wjxky
2680,1623,werock
2681,1625,sevenverse
2682,1626,opera80
2694,1627,thestealth
2698,1628,whylife
2699,1629,fata
2703,1640,zanzgang
2707,2092,emiliogarofalo
2714,1639,ARIDOPACHIMYBAND
2716,1633,MOTIVA
2717,1635,melissaciaramella
2721,1636,linosalzano
2724,1634,Devastazen
2725,1631,mafiosa
2732,1632,seahouse
2733,2122,homepage
2734,1858,urod
2735,1637,etherealfaun
2740,1638,frozenheart
2743,1641,chiaja
2744,1642,soldout
2745,1643,LOOSEDOGZ101
2746,1644,Jokermc
2747,1645,synthagma
2749,1646,blueseta
2750,1647,vanadio
2752,1652,bemspanspermia
2753,1653,PHERSEPHONE
2756,1654,agedteen
2757,1928,theshutters
2759,1656,acropolismusic1981
2761,1657,erotream
2762,1658,monellastrio
2763,1659,TheCBGB
2766,1660,zoltanD
2768,1662,jjgbrosmyband
2769,1663,LaFabbrica
2773,1670,vlasco
2775,1906,hotstuff
2776,1671,dreamwaytales
2777,1672,adelema88
2781,1673,SAMEPLACE
2782,1674,SlaveTrade
2783,1675,catsnjoe
2787,1676,infondoadestra
2788,1989,crashingfault
2789,1791,omarb
2790,1679,SOFTRAIN
2792,1683,RushHour
2794,1685,BITOOLS
2797,1686,nicotina
2798,1687,effettodomino
2799,1688,thedaffodils
2805,1690,MarcoMontee
2806,1689,notforsaleband
2807,1691,marasmageneral
2809,2078,maniacseby
2811,1693,crowdingouteffect
2828,1694,concertista
2831,1695,thinwireunlaced
2832,1696,drhyde
2833,1697,Koan
2837,1863,urloprimordiale
2838,2040,ETL
2840,1703,WILDROADS
2841,1704,Breath99
2842,1895,othersiderhcp
2847,1706,FLOWWERPEACENUNZIOCICCONE
2858,1872,e55
2861,1710,alteregho
2865,1711,fabiocacicia
2866,1712,whitenoisereveals
2867,1713,darksealive
2868,1911,amnesiainlinea
2869,1714,breakindownband
2870,1715,inertia
2874,1716,cadutalibera
2880,1718,svetlanas
2882,1931,SENZANORMA
2883,1719,inarrestabili
2884,1968,ourobos
2887,1721,daryma
2888,1720,ablativoassolutoit
2892,1723,venia
2893,1724,Madbluesband
2895,1726,SUBSISTTHEORY
2902,1840,variousthatgrind
2903,1735,DumietzSymphony
2905,1737,spaziolibero
2906,1738,sinapsyinterrotte
2907,1739,valdivia
2911,1742,ABSINTH
2912,1743,heybelievers
2913,1744,showrhum
2915,1745,MAGAR
2917,1819,artfleury
2922,1747,fadingfour
2923,1746,ilrive
2924,2052,GASPANIC
2931,1748,introversia
2933,1749,theblackroses
2934,1750,PAKURAKLIMT
2936,1752,everglade
2940,1754,arcasband
2941,1758,nicgandthemogsy
2942,1770,rockemergency
2943,1760,maxxx
2946,1769,pattypravoeamicizialunga
2948,1801,heza
2949,1773,sexydelikjumpintheviolet
2950,1774,marcobosco
2951,1798,shirleysaid
2952,2911,249712952
2953,1781,Aneurysm
2955,1783,oceanrules
2956,1784,Anomalyas
2962,1790,radiosupernova
2966,1792,DelusionOnAir
2967,1871,AnnaGiacomoLive
2968,1867,sebastiancontrario
2970,1796,forgottendust
2971,1795,thegravity
2973,1797,isimboli
2975,1799,dLINE
2976,1800,2ndofmay
2977,1802,falseness
2978,1803,noriko
2979,1804,queenalive
2980,1805,figliduncane
2981,1806,legaleggera
2983,1809,orghia
2984,1810,queerdolls
2985,1811,rockemergencyroma
2992,1813,musclemuseum
2993,1814,eleuteria
2994,1815,disarmonia
2995,1930,apachemind
2997,1816,degrees
3003,1823,physicalnoise
3005,1824,bloodmosquito
3007,1826,tular
3008,1827,sixlips
3009,1828,MrO
3011,1838,TheBalmung
3012,1829,cloudburst
3017,1830,pursuitgreen
3018,1831,venereah
3020,1846,breathless
3030,1836,navarones
3031,1842,radionuovevoci
3033,1841,collettivo01
3037,1852,shopnhour
3038,2064,dromika
3043,1848,awe
3049,1849,icarozero
3050,1850,soundtrace
3053,1853,pentatonicquintet
3054,1854,fouronthefloor
3056,1857,QBAND
3060,1859,betuas
3064,1864,wma
3065,1869,MADINSIDE
3067,1860,AIRBAGSBAND
3069,1861,natalyqueen
3070,1862,aesacus
3075,1865,FabioCanu
3076,1866,disagioacustico
3077,2097,VoodooPepper
3082,1873,maudits
3085,1876,sparknfire
3089,1879,operahouseband
3090,1880,trepiuno
3091,1881,winterdust
3093,1882,simpleshoot
3098,1884,primeengine
3099,1886,LASINDROME
3100,1885,nuitdenote
3101,1887,thekey
3103,1888,berogue
3104,1889,SignsUp
3106,1891,rifleshot
3107,1896,TheRockAces
3109,1897,ultimafase
3111,1899,dreamsup
3112,1898,TheHipsters
3123,1900,phoebus
3124,2074,seasideband
3125,1901,Sandflower
3126,1902,beatlesjuice
3128,1903,annoprimo
3129,1910,enillafam
3130,1912,lucalastilla
3131,1913,TANKYOU
3132,1917,Axiom
3133,1914,Synthesy
3134,1915,themarvelspace
3138,1921,ILSOGNO
3139,2501,AmanoLibera
3147,1929,deseodetangoensemble
3149,2066,floridaitalia
3152,1932,crazydomino
3153,1933,senzarespiro
3154,1969,thewedgies
3155,1936,davidecaroli
3163,1954,theweed
3165,1955,arturocontromano
3166,1956,audioout
3167,1957,manial
3168,1958,WhiteTrash
3169,1963,thesnogsband
3170,2240,fottutoiron
3171,1965,keryskies
3172,1967,frankgiven
3174,1972,thenextwishkeybar
3175,1973,senne
3179,1976,secondamano
3181,1977,meninbecks
3184,1978,DEBRUYN
3185,1979,arthemia
3188,1980,STEREOCLIMAX
3189,1981,shout
3190,1982,AccidentalEncounters
3194,1985,thebleed
3195,1986,ambraband7
3198,2367,Mephitic
3199,1996,kitschmusicband
3203,1990,DeviazioniSpericolate
3205,1991,albachiara
3209,1995,nicturia
3212,1994,foxbridge
3215,1993,lafebbre
3217,1997,HANK
3218,1999,servidisobbedienti
3221,2000,DriveMeCrazy
3223,2004,Violedy
3224,2006,meduseband
3225,2007,thesteamrollers
3226,2008,lenotesospese
3227,2009,lescouleurs
3228,2010,FOURBACK
3235,2014,materialeresistente
3237,2016,hacienda
3238,2017,mugaen
3239,2018,molinobaiardi
3241,2019,mirrors
3246,2021,martinafontanaandthedustytravelers
3247,2020,steelflowers
3248,2520,danilovignola
3249,2022,ToxicAvengers
3250,2024,globage
3252,2025,rummerandgrapes
3253,2026,invena
3254,2027,ourway
3255,2028,joykin
3256,2029,guernykatheband
3257,2030,BrokenValves
3258,2031,alkaseltzersalerno
3260,2032,ALPHANPRODIGE
3261,2065,TheEssencies
3263,2033,nmillusions
3264,2034,scarletbalanga
3265,2035,Project85
3266,2036,Grindhouse
3267,2037,toninoborzelli
3274,2043,fivelive
3275,2044,thefourhoursmen
3276,2047,therandom
3278,2048,phonoemergencytool
3282,2049,DuckTape
3285,2050,Reverve
3291,2069,moveyourmusiccontest
3293,2053,heroesliveforever
3294,2059,hollywoodgroupies
3297,2060,SPLATTERS
3298,2063,tersoRap
3299,2068,thefireescape
3300,2072,MAMAVIBE
3301,2073,weandthem
3302,2075,gabbagabbahey
3308,2077,enricomelis
3312,2083,velox
3314,2081,rostoback
3315,2082,Funkhatsisters
3316,2085,underfear
3319,2086,DAMANERA
3321,2087,whatever
3322,2088,thrillingriff
3323,2089,SMITETHESHEPHERD
3324,2091,thealano
3325,2094,peppecirino
3326,2095,ilcrucciodikaronte
3327,2096,stalemate
3329,2099,ARD
3331,2101,Feelbacks
3333,2103,DirtyMelody
3334,2104,silenziosospetto
3337,2106,alteregoist
3338,2107,Entropica
3340,2108,dickens
3343,2110,NarcaN
3344,2111,RockShot
3346,2113,detroitrockcity
3347,2114,WildStrikes
3348,2117,SferastaKILL
3349,2115,THEFRUSTBAND
3351,2118,carminespadafora
3352,2119,closedspeech
3357,2984,74408493357
3358,2129,ipocrisia
3366,2132,step178
3371,2133,animedipongo
3373,2134,JackCravatta
3374,2135,kryptoknights
3375,2136,smoke
3376,2137,FRANKIESCAKE
3378,2139,Housebreakers
3379,2140,Overseas
3381,2141,wateronwheels
3382,2143,anaconda
3385,2145,effex
3388,2146,vaudevilleandbadomens
3392,2147,archvile
3393,2200,furyu
3394,2148,lesaubes
3396,2149,cristalliliquidi
3397,2150,RavingCaos
3399,2190,mabilia
3400,2151,Fullmotionbluesband
3401,2152,fightclub
3402,2153,partygarage
3404,2154,Transalcolico
3408,2156,membersofgod
3417,2265,lacollisione
3420,2159,settembreaberlino
3421,2160,triskelia
3422,2161,theboh
3427,2163,laventunesimafobia
3428,2167,Atlas
3429,2201,NemesIMetalBand
3430,2168,burnout
3432,2170,ElfenWald
3433,2171,artrepaz
3434,2172,poundofflesh
3436,2174,kaosdimensioncrew
3438,2175,jolietjakeband
3439,2176,lukejburton
3441,2177,maieutica
3442,2181,risinghorizons
3444,2178,TroummatihC
3446,2182,FarFear
3447,2183,lachaise
3448,2365,themonkeysdrunk
3449,2184,themarshharriers
3452,2185,invitaminerva
3454,2191,unimelody
3456,2255,frogsontherocks
3457,2194,iks
3460,2195,leatmosfere
3461,2197,Trailer
3463,2199,bsidefunk
3467,2202,chabaltrio
3472,2617,PeligrO
3473,2207,Boomker2011
3478,2208,MartinArtaud
3481,2209,talkingaboutnothing
3482,2210,gruntroots
3483,2211,CassinoneLiveContest
3486,2212,mindfreak
3490,2217,steelrain
3492,2218,motherside
3493,2219,ilregistratore
3496,2220,Mercuria
3498,2222,scatramundus
3503,2226,deatonica
3504,2228,thekemils
3506,2229,goyah
3507,2230,cultofaphrodite
3508,2231,wisekebabs
3514,2233,animavana
3515,2248,secretwizard
3516,2237,toliman
3517,2325,lamiaband
3518,2239,straighttopain
3522,2254,Holymartyr
3527,2250,spiritualbrothers
3528,2251,WarmSouls
3529,2252,thewoodoodolls
3531,2256,anestesiaemozionale
3533,2257,TheWhiteRooms
3534,2258,soylenttree
3536,2259,Contaminazioni
3537,2260,Gravelead
3538,2262,absentfeet
3539,2261,fakemors
3540,2263,bigdix
3541,2264,schoolnightmares
3542,2266,SneiAp
3545,2267,slidea
3547,2268,piazzavibe
3550,2269,sottolestelle
3551,2270,themegs
3552,2271,ilmiglio
3553,2272,dancewithradio
3558,2274,MAMMACANNIBALE
3559,2275,REDIPS
3560,2276,gustopesca
3562,2278,Teodasia
3563,2279,MOVIMENTO
3565,2280,Malamente
3568,2281,livecontest
3569,2283,orionsbelt
3571,2284,TheOkes
3572,2285,lightsounds
3573,2287,Provedirock
3576,2290,saviodemartino
3577,2291,manovalanza
3578,2292,wastegate
3579,2293,thewildhogsbluesband
3580,2295,Unfaithfulls
3581,2294,exroad
3583,2296,Overdrive
3586,2297,justmj
3587,2298,ItaliaWaveBand
3588,2300,twistedtoys
3589,2301,Fightforadream
3591,2302,Omegaband
3592,2303,NYLON
3593,2304,TekilaSoundfestival
3594,2305,AntiquusInfestus
3599,2519,thc
3601,2314,lithio
3602,2315,accademiadelrumore
3603,2316,Kinshipband
3605,2318,newyorksofar
3606,2317,TheFonz
3607,2319,Eliseum
3608,2320,eternalkeys
3609,2321,happyhour
3610,2323,moody
3611,2324,burnages
3612,2328,francescocandoni
3614,2326,RubieraBlues
3617,2330,blascomodo
3618,2333,RaffaellaPiccirillo
3626,2334,PaentaRE
3629,2335,onelastcare
3630,2336,lowznoise
3631,2340,Xstreaming
3632,2338,themissingplugnplay
3633,2339,VictorzetaeiFioriBlu
3635,2341,ZIPCOVERBAND
3636,2342,vulka
3637,2344,soultrain
3641,2345,ombranova
3642,2346,Cheste
3643,2348,thegenuinebros
3644,2347,bigbenshout
3645,2361,ILQUARTOIMPREVISTO
3646,2349,M52
3647,2350,sholo
3648,2351,anewhorizon
3652,2360,7sevenlights7
3654,2362,soundalpha
3655,2363,Rorschach
3656,2364,TheBlowjob
3657,2368,RockContest
3658,2370,Monoessenza
3659,2371,waiting
3662,2372,TheUnsuiteds
3667,2373,PennyBand
3668,2374,deizy
3669,2375,thehellsgate
3673,2376,onehotminutetribute
3675,2377,rageofsouth
3676,2378,HELIUM5
3678,2500,RockkyBand
3679,2379,juliandoe
3682,2380,SilverFeet
3683,2381,iband
3699,2383,TheLondonPride
3700,2382,aloudgothic
3702,2384,camden
3703,2385,emptyriver
3704,2386,sonicdaze
3705,2387,Onoffman
3706,2388,EbonyCircus
3707,2389,incontrirock
3708,2391,AtlantideContest
3710,2399,toolatetowake
3711,2401,sanbenedettorock
3712,2403,oneshot
3714,2404,aldograneseeladiasporaband
3715,2405,x35official
3717,2408,madeinseattle
3718,2409,rewout
3720,2410,THEHORNETS
3723,2411,radiointechnicolor
3724,2412,melodypoets
3725,2416,theAbsentDrinks
3727,2417,theplaymore
3729,2420,fuochidipaglia
3730,2422,BMP
3731,2421,dvlgator
3732,2423,ifavolosicrackers
3733,2424,ReutersHatesTheStringers
3736,2426,MaxRibbenz
3738,2428,simonebelardinilli
3740,2431,scarlettdgray
3741,2429,deamantide
3742,2432,bubbles
3744,2433,theevacuees
3745,2434,fusioneafreddo
3748,2435,antoniomanco
3749,2436,Weatherstorm
3751,2437,TheGrocers
3754,2439,sulaventrebianco
3757,2440,bloodykiss
3758,2441,SoundTheory
3759,2442,Novaffair
3761,2458,francescodi
3762,2459,antoniolipardo
3763,2460,alienodivetro
3765,2461,thedarkshines
3766,2462,neverwakeup
3767,2463,distinto
3768,2464,4soldiproject
3769,2465,flehmen
3770,2466,ultrasuono
3771,2467,ForeverDowners
3772,2468,CollegioLunare
3773,2470,georgefrevis
3774,2471,lamaschera
3775,2472,dirtyhubs
3780,2473,onda33
3781,2475,DeepFeeling
3782,2474,Naturaimage
3783,2476,tjkho
3784,2478,ashatteredmemory
3786,2480,neutroninthesoup
3788,2481,hellerschein
3791,2483,olgaandgangband
3792,2484,distilladozer
3793,2485,HyenaRidens
3794,2486,TheKnickers
3795,2487,JosephNoland
3796,2488,severalunion
3797,2490,outoftune
3798,2489,doutdes
3803,2492,FulvioLaudiero
3804,2493,atropos
3805,2494,eclairsband
3806,2499,dreamingforcalypso
3807,2502,johnfalko
3808,2503,rocksane12
3809,2504,vert
3810,2505,italianstreetsjazzquartet
3815,2506,thebiscuits
3816,2508,whatif
3817,2509,Hystericals
3819,2510,RnBeat
3820,2511,dollsrevolution
3821,2512,LESLA
3827,2514,TeenagersX
3828,2515,prodesm
3833,2516,ArezzoWaveBand
3836,2517,StrangeSituation
3837,2518,triptracks
3844,2521,Almostdonefor
3846,2522,varanorock
3847,2523,hiro
3849,2526,annuitcoeptisromeband
3850,2527,spazioliberoresistente
3852,2528,loobylook
3853,2529,BillyBoys
3854,2530,BicicletteVolanti
3855,2531,laboratoriodimusicacriminale
3857,2532,ilmusicale
3861,2533,redbulltourbus
3862,2534,WoodsOfKarma
3863,2535,royalenemy
3864,2536,SoundWayProject
3867,2538,BACCHANALIA
3869,2541,aventunorock
3870,2542,andreaastarita
3872,2544,apeyros
3873,2545,secretrule
3874,2546,ibridi
3875,2547,Futhark
3876,2548,giocol
3877,2550,BrunosPoker
3878,2549,officialbless24
3884,2551,coffeastrange
3885,2552,humanafterall
3886,2553,euphoria
3887,2554,dinasyt
3889,2555,incognitarock
3890,2618,tonytuono
3891,2556,falziescorretti
3892,2557,HIStoryTheMichaelJacksonNight
3893,2558,Punkakes
3894,2559,TheLegati
3895,2560,soulbahia
3896,2561,thestryd
3897,2562,pinabolla
3898,2563,AlchimiaSonora
3899,2564,thekarnevil
3900,2565,sundaysocks
3901,2566,dharma
3906,2568,sinecerebro
3907,2570,Hooligansmountain
3910,2571,thetube
3911,2572,roadflowers
3914,2573,fase39
3916,2576,wasat
3917,2577,voidprophetmetal
3918,2578,Nightraid
3919,2579,tassang
3920,2580,superdry
3921,2581,zephirokid
3926,2592,HammerMusicContest
3927,2593,soulmovers
3937,2598,LucaRuzza
3939,2599,Yula
3945,2604,BROKENTUNES
3947,2607,nicoloannibale
3979,2614,TheGoldenPot
3980,2615,primulanera
3982,2616,lastcontrol
3992,2622,9537804813999933992
3996,2628,102094924321247683996
4007,2644,102118211773586874007
4008,2645,102110287355475744008
4009,2646,4402308696705034009
4010,2647,17408028359360024010
4011,2824,FrankSinutre
4012,2648,102125413613074634012
4013,2649,18943990674693054013
4015,2651,102115042232753574015
4420,3026,PerfettamenTre
4029,2665,azzoband
4030,2666,pitwine
4031,2708,16046644031
4032,2701,357634032
4033,2700,7704374033
4040,2680,102101906621959144040
4043,2699,3941474043
4045,2709,17397794045
4047,2710,1501364047
4048,2707,nonsolocantautori
4051,2711,149380974051
4053,2714,18925214053
4055,2717,16080964055
4061,2720,HF4
4069,2732,78837454069
4070,2733,12038634070
4071,2734,30638234071
4074,2740,robertocilia
4078,595,gianlucadipietro
4079,2741,lab081
4083,2742,ILPICCOLOBU
4084,2743,12315124084
4085,2785,lucasorrento
4087,2744,bluecaravanofficialpage
4088,2745,cristoforonania
4089,2746,Ciabbath
4090,2890,2179144090
4091,2768,federicoavanobass
4093,2747,Maleizappa
4095,2751,hydronika
4096,2755,NEBRA
4097,2765,lampidimarte
4098,2769,thereversofficial
4099,2770,PiacentiDolcevitaOrchestra
4100,2774,108254100
4103,2776,1670674103
4104,2772,Daphne
4105,2844,23308404105
4106,2775,259234106
4111,2778,CupeVampe
4116,2783,36995664116
4118,2784,Napoli
4119,2788,valerievitiello
4120,2786,68974414120
4122,2787,muaz
4123,2789,romito
4125,2790,19871864125
4126,2792,35304126
4127,2863,lipardo
4131,2793,taximusic
4135,2822,4303974135
4136,2795,Trinacriarockcontest
4137,2796,superbia
4138,2797,alexromano
4139,2798,MrJack
4140,2799,carminecapasso
4141,2802,PROFILOGRECO
4142,2803,Sabba
4143,2804,popmuzic
4144,2805,Godoofficial
4146,2807,Greetmeyoursister
4147,2808,Calandrella
4149,2821,22130714149
4150,2820,212736344150
4151,2819,212730454151
4152,2809,Matrice
4160,2818,212729944160
4162,2817,215361424162
4174,2810,TitaSavarese
4175,2811,federaecuscini
4176,2816,7823094176
4177,2812,ANNA
4178,2813,Node
4179,2815,21278054179
4180,2814,26658934180
4181,2823,Sesto
4182,2845,SIMPLEMOOD
4183,2826,lufarina
4186,2827,InfillsChain
4196,2828,richieravello
4200,2841,12781124200
4204,2831,859504204
4230,2842,102212191472954454230
4231,2847,Profugy
4234,2848,156712334234
4235,2850,102239431091957944235
4236,2875,GregRega
4237,2880,isenzaregoleofficial
4238,2851,spinellipertutti
4239,2856,102190366693273484239
4240,2873,devilsofmusic
4241,2857,33202983380196594241
4242,2858,101500017766632834242
4243,2859,101500017774423504243
4244,2860,101500017776933154244
4245,2861,simonevignola
4246,2862,101587764650334854246
4247,2864,17325974247
4248,2865,74136104248
4249,2866,bluegospelsingers
4250,2870,8190134250
4258,2872,sunnamaper
4259,2871,Otto
4261,2874,24737307295972424261
4263,2876,33652793735218904263
4267,2881,27066264296008214267
4268,2882,FeliciaAzzone
4269,2883,16086634269
4270,2884,MartaFalconeCantautrice
4271,2885,Soulcor
4276,2887,Fabiana
4278,2888,102235428923513694278
4279,2889,102178565955428494279
4280,2891,102146234689795484280
4281,2892,Manusheen
4283,2895,102191006452425354283
4287,2898,GABRIELLARINALDI
4288,2900,5982454288
4289,2899,Kamesoundcartoonband
4291,2901,36629023904125004291
4292,2969,carlomarchese
4293,2902,40410709659110974293
4294,2903,dalila
4297,2905,102253456430540614297
4298,2907,Paduano
4299,2906,2542339396361504299
4300,2908,38125848254678954300
4301,2909,RadicalKitsch
4303,2910,MassimoFerrara
4304,2912,62466934304
4305,2915,NoemiAlmond
4308,2916,34333100467747724308
4311,2924,stickagainstyourneck
4313,2927,ClaudiaSacco
4314,2926,RadioAttiva
4316,2931,184680714316
4317,2977,205984317
4318,2932,MILFROCK
4319,2933,malbianco
4320,2937,UNDERTHESNOW
4342,2963,poisonblackout
4322,2940,OutTheClub
4323,2938,mondayproof
4324,2939,SADA
4325,2941,lebisce
4326,2942,matteopalermomusic
4327,2944,francescodalpozmyband
4328,2945,liziandthekids
4329,2946,CATONE
4330,2947,Mosaico
4331,2956,MistressLeaf
4333,2957,20026943432037454333
4336,2958,EvolveAlba
4337,2959,MillenniumBug
4341,2962,SimoneAttiliMusic
4343,2964,248253054343
4344,2967,lisagiore
4345,2966,102258920969598364345
4346,2968,ERGOGIUS
4347,2970,102256014595711504347
4349,2972,102264887881514074349
4351,2973,THEHUMANDISORDERS
4353,2976,Dafne
4356,2979,berardi
4357,2980,MartinaDAmore
4360,2981,TheMonkey
4367,2986,20186264716194094367
4368,2988,Flag
4369,2989,Modestino
4377,2995,banadisa
4380,2998,AndreaBrunini
4382,2999,fabianamartone
4386,3000,Grimmen
4387,3001,100842724387
4388,3003,myky
4389,3015,sorrymom
4390,3006,danieledelia
4391,3007,110527474391
4392,3011,Cesare
4393,3008,acasadiUke
4396,3009,Bludeepa
4398,3010,Erricoru
4400,192,BernaParkHotel
4401,3014,modellato
4403,3017,Esterea
4404,3016,NikoAlbano
4409,3018,ilbuconero
4410,3019,Maida
4411,3020,155096384411
4414,3021,AndrewJFox
51,66,LeBaccanti
4415,3022,hanabi
4419,3025,adrianomarinelli
4422,3028,14818374422
4424,3029,12093044424
4428,3030,Fabrix
4429,3032,2119524429
4430,3034,CAIX
4431,3035,BLUVELENO
4432,3036,25008734432
4433,3037,662094433
4435,3038,suppain
4449,3039,Gavriel
4452,3040,OKBYE
4462,3041,5191134462
4466,3042,758124466
4468,3043,DanieleViciani
4471,3047,82093034471
4472,3048,Cantautore
4473,3049,RubenSpera
4474,3050,Kin232
4475,3051,45184644475
4477,3052,Lucido
4479,3053,admproject
4486,3054,281394486
4490,3057,Stereo8
4491,3058,BERLINA
4493,3059,21123754493
4494,3060,Attatototo
4498,3061,170616394498
